word,pos,hindi
Overhaul,verb,आमूल-चूल सुधार
Combat,verb,मुकाबला करना
Scarcity,noun,कमी
Address,verb,समाधान करना
Vulnerability,noun,कमजोरी
Shave off,phrasal verb,कम करना
Global warming,noun,वैश्विक तापमान वृद्धि
Upset,verb,बिगाड़ना
Quantification,noun,मात्रा निर्धारण
Patchy,adjective,असमान
Fragmented,adjective,खंडित
Widespread,adjective,व्यापक
Variation,noun,बदलाव
Set up,phrasal verb,स्थापित करना
Repository,noun,भंडार
Scenario,noun,स्थिति
Salient,adjective,प्रमुख
Given,preposition,को देखते हुए
Take cue,phrase,प्रेरणा लेना
Take a toll,phrase,नुकसान पहुँचाना
Landslide,noun,भूस्खलन
Longstanding,adjective,पुराना
Unaddressed,adjective,अनसुलझा
Expose,verb,उजागर करना
Abdication,noun,पद त्याग
Account for,phrasal verb,स्पष्टीकरण देना
Hydrology,noun,जल विज्ञान
Drought,noun,सूखा
Deal with,phrasal verb,निपटना
Tide over,phrasal verb,पार करना
Refugee,noun,शरणार्थी
Successive,adjective,लगातार
Outrightly,adverb,पूरी तरह से
Enclave,noun,क्षेत्र/बस्ती
Relentless,adjective,"लगातार, निरंतर"
Neighbouring,adjective,पड़ोसी
Hellhole,noun,नारकीय स्थान
State,verb,घोषित करना
Troop,noun,सैनिक
Claim,verb,दावा करना
Relocation,noun,पुनर्वास
Commit (to),verb,समर्पित होना
Deploy,verb,तैनात करना
Reaffirm,verb,पुनः पुष्टि करना
Out-of-the-box,adjective,"नवीन, अनोखा"
Imperial,adjective,साम्राज्यवादी
Possession,noun,कब्जा
Will,noun,इच्छाशक्ति
Advocate,verb,समर्थन करना
Ethnic,adjective,जातीय
Ethnic Cleansing,noun,जातीय सफाया
Allies,noun,सहयोगी
Unequivocally,adverb,स्पष्ट रूप से
Manage (to),verb,सफल होना
Authoritarian,adjective,तानाशाही
Regardless (of),preposition,बिना ध्यान दिए
Aid,noun,सहायता
Pay attention to,phrase,ध्यान देना
Sentiment,noun,भावना
Overwhelmingly,adverb,भारी मात्रा में
Align (with),verb,सहमत होना
Far-right,adjective,अति-दक्षिणपंथी
Alienate,verb,अलग-थलग करना
Desperate,adjective,हताश
Plant,verb,स्थापित करना
Abandon,verb,त्यागना
Ceasefire,noun,युद्धविराम
Lasting,adjective,स्थायी
Just,adjective,न्यायसंगत
Acknowledge,verb,स्वीकार करना
Uphold,verb,बनाए रखना
Stability,noun,स्थिरता
Nausea,noun,जी मिचलाना
Onset,noun,शुरुआत
Peripheral,adjective,बाहरी
Nulmbing,noun,सुन्न करना
Scaffolding,noun,ढांचा
Pathogen,noun,रोगजनक
Havoc,noun,तबाही
Slip up,noun,गलती
Surveillance,noun,निगरानी
Debility,noun,कमजोरी
Tingling,noun,झुनझुनी
Acute,adjective,गंभीर
Flaccid paralysis,noun,शिथिल पक्षाघात
Predominant,adjective,प्रमुख
Epidemiological,adjective,महामारी विज्ञान संबंधी
Setting,noun,परिवेश
Initiation,noun,शुरुआत
Periodically,adverb,समय-समय पर
Slip,verb,चूक
Strengthening,adjective,मजबूती
Drive,verb,प्रेरित करना
Disruptive,adjective,विघटनकारी
Accord,noun,समझौता
Shut,verb,बंद करना
Et al,adverb,और अन्य
Clamour,noun,मांग
Honchos,noun,बड़े अधिकारी
Heighten,verb,बढ़ाना
Blip,noun,छोटा उतार-चढ़ाव
Downgrade,verb,दर्जा घटाना
Uptick,noun,मामूली वृद्धि
Metric,noun,मापदंड
Entrenched,adjective,गहराई से जमा हुआ
Interim,noun,अंतरिम
Back and forth,phrase,बार-बार आगे-पीछे
North Block,noun,नॉर्थ ब्लॉक
Stumbling,adjective,बाधा
Lay blame for,phrase,दोष देना
Slump,noun,गिरावट
Spark,verb,जगाना
Rebound,noun,उछाल आना
Virtuous,adjective,सद्गुणी
Disposable income,noun,व्यय योग्य आय
Pin for,phrasal verb,जिम्मेदार ठहराना
Front,noun,मोर्चा
Ball in someone’s court,phrase,अब उसकी बारी
Ease,verb,सुगमता
Spur,verb,प्रोत्साहित करना
Unenviable,adjective,अवांछनीय
Tempt,verb,लुभाना
Take a cue,phrase,प्रेरणा लेना
Predecessor,noun,पूर्ववर्ती
Stance,noun,रुख
Dispense,verb,वितरित करना
Wisdom,noun,बुद्धिमत्ता
Contemplative,adjective,चिंतनशील
Colntented,adjective,संतुष्ट
Apprehensive,adjective,आशंकित
Liberalisation,noun,उदारीकरण
Hitherto,adverb,अब तक
Spectrum,noun,दायरा
Seek,verb,तलाश करना
Lower-rung,adjective,निचले स्तर का
Exorbitant,adjective,बहुत अधिक
Necessitate,verb,आवश्यक बनाना
Measly,adverb,बहुत कम
Witness,verb,देखना
Wonder,verb,आश्चर्य
Phenomenon,noun,घटना
Result in,phrasal verb,परिणाम देना
Strata,noun,स्तर
Perceived,adjective,माना गया
Exhort,verb,प्रेरित करना
Mushroom,verb,तेजी से बढ़ना
Reflect (on),verb,विचार करना
Implication,noun,प्रभाव
Invariably,adverb,हमेशा
Draw upon,phrasal verb,उपयोग करना
Bias,noun,पूर्वाग्रह
Curative,adjective,उपचारात्मक
Preventive,adjective,निवारक
Res ult in,phrasal verb,परिणाम देना
Inefficiency,noun,अक्षमता
Soaring,adjective,तेजी से बढ़ता
Anaemia,noun,रक्ताल्पता
Cardiovascular,adjective,हृदय-रक्तवाहिका संबंधी
Screening,noun,जांच
Wellness,noun,स्वास्थ्य
Inflation,noun,मुद्रास्फीति
Justified,adjective,उचित
Exempt,verb,मुक्त
Inextricably,adverb,अटूट रूप से
Daydream,verb,दिवास्वप्न देखना
Soothe,verb,शांत करना
Frayed,adjective,तनावग्रस्त
Nerves,noun,नसें
So much so that,phrase,इतना कि
Reassurance,noun,आश्वासन
Auspicious,adjective,शुभ
Zeal,noun,उत्साह
Display,verb,प्रदर्शित करना
Key,noun,प्रमुख
Immerse,adjective,डूब जाना
Abrupt,adjective,अचानक
Halt,noun,रोकना
In a dilemma,phrase,दुविधा में
Ward off,phrasal verb,दूर रखना
Ill effect,phrase,बुरा प्रभाव
Cut short,phrase,छोटा करना
Savoury,noun,स्वादिष्ट
Oktoberfest,noun,ऑक्टोबरफेस्ट
Festivity,noun,उत्सव
Feline,noun,बिल्ली प्रजाति
Inkling,noun,आभास
Misfortune,noun,दुर्भाग्य
Invoke,verb,आह्वान करना
Ritual,noun,रीति-रिवाज
Call out,phrasal verb,पुकारना
Abound,verb,प्रचुर होना
So called,adjective,तथाकथित
Myth,noun,मिथक
Coluntless,adjective,अनगिनत
Fuel,verb,बढ़ावा देना
Frenzy,noun,उन्माद
Unimaginable,adjective,अकल्पनीय
Root for,phrasal verb,समर्थन करना
Remotely,adverb,दूर से भी
Sprout,verb,अंकुरित होना
Charms,noun,आकर्षक गुण
Urge,verb,प्रबल इच्छा
Bursting bladder,noun,पेशाब की तीव्र इच्छा
Quirky,adjective,अनोखा
Sound,adjective,"उचित, ठोस"
Reasoning,noun,तर्क
Way round,phrasal verb,उपाय
Heady,adjective,उत्तेजक
Cockatail,noun,मिश्रण
Attributed (to),adjective,श्रेय दिया गया
Sustainable,adjective,टिकाऊ
Driver,noun,प्रेरक कारक
Autonomy,noun,स्वायत्तता
Reflect,verb,प्रतिबिंबित करना
Enthusiasm,noun,उत्साह
Investible,adjective,निवेश योग्य
Corpus,noun,मूलधन
Risk-averse,adjective,जोखिम से बचने वाला
Perplexing,adjective,उलझन भरा
Benchmark indices,noun,मानक सूचकांक
For instance,phrase,उदाहरण के लिए
Rolling return,noun,चलंत प्रतिफल
Outpace,verb,आगे निकल जाना
Tend (to),verb,प्रवृत्ति होना
Substantial,adjective,काफी अधिक
Prudent,adjective,विवेकपूर्ण
Transparent,adjective,पारदर्शी
Complement,verb,पूरक होना
Diverse,adjective,विविध
Systematic investment plan (SIP),noun,व्यवस्थित निवेश योजना
Navigate,verb,मार्ग निकालना
Wisely,adverb,बुद्धिमानी से
Robust,adjective,मजबूत
Stifle,verb,दबाना
Confront,verb,सामना करना
Thrive in,phrasal verb,फलना-फूलना
Vast,adjective,विशाल
Pursue,verb,आगे बढ़ाना
Stereotype,noun,रूढ़िवादी धारणा
So-called,adjective,तथाकथित
Leaky pipeline,noun,रिसाव वाली प्रणाली
Take one’s toll,phrase,नुकसान पहुँचाना
Persist,verb,बना रहना
Dismal,adjective,निराशाजनक
Status quo,noun,यथास्थिति
Remarkable,adjective,उल्लेखनीय
Pioneer,verb,अग्रणी
Instrumental,adjective,"सहायक, महत्वपूर्ण"
Triumphant,adjective,विजयी
Pave the way for,phrase,मार्ग प्रशस्त करना
Flourish,verb,फलना-फूलना
Firsthand,adjective,प्रत्यक्ष
Enrich,verb,समृद्ध करना
Dismantle,verb,तोड़ना
Hinder,verb,बाधा डालना
Tear down,phrasal verb,गिरा देना
Groundbreaking,adjective,अभूतपूर्व
Prosperous,adjective,समृद्ध
Connotation,noun,अर्थ संकेत
Impulse,noun,आवेग
Steam,noun,"गति, जोश"
In anticipation of,phrase,की प्रत्याशा में
Reckoning,noun,आकलन
Cite,verb,उल्लेख करना
Projection,noun,अनुमान
Exude,verb,प्रकट करना
Dark cloud,phrase,खतरे का संकेत
Loom (over),verb,मंडराना
Benign,adjective,सौम्य
Outlook,noun,दृष्टिकोण
Room,noun,गुंजाइश
So far,phrase,अब तक
Play spoilsport,phrase,मज़ा किरकिरा करना
Commuting cost,noun,यात्रा खर्च
Chunk,noun,टुकड़ा
Flare up,phrasal verb,भड़क उठना
Exacerbate,verb,और बिगाड़ना
Afresh,adverb,नए सिरे से
Compound,verb,बढ़ाना
Impose,verb,थोपना
Edible,adjective,खाने योग्य
Pass-through,noun,स्थानांतरण
Undo,verb,पूर्ववत करना
Volatility,noun,अस्थिरता
Mindful,adjective,सचेत
Hold off,phrasal verb,टालना
Pursuit,noun,"खोज, प्रयास"
Warrant,verb,उचित ठहराना
Alleviate,verb,कम करना
Unveil,verb,उजागर करना
Levy,noun,कर लगाना
The vulnerable,noun,कमजोर वर्ग
Headline,verb,मुख्य शीर्षक
Strip,verb,छीनना
Accelerate,verb,गति बढ़ाना
Escalate,verb,बढ़ना
Vigour,noun,"ओज, ताकत"
Tap,verb,उपयोग करना
Lead (to),verb,परिणाम देना
Reach out,phrasal verb,संपर्क करना
Adjoining,adjective,सटा हुआ
Reservation,noun,आरक्षण
Shackle,verb,"बेड़ी, बाधा"
Societal,adjective,सामाजिक
Barrier,noun,बाधा
Malnourished,adjective,कुपोषित
Reluctant (to),adjective,अनिच्छुक
Overcome,verb,पार पाना
Stigma,noun,कलंक
Recurring,adjective,बार-बार होने वाला
Empower,verb,सशक्त बनाना
Refusal,noun,इनकार
Collapse,noun,पतन
Hostage,noun,बंधक
Resume,verb,फिर से शुरू करना
Drag (on),verb,खींचते रहना
Plight,noun,दुर्दशा
Bolster,verb,मजबूत करना
Infrastructure,noun,बुनियादी ढांचा
Insurgency,noun,विद्रोह
Isolation,noun,अलगाव
Hear,verb,सुनना
Genocide,noun,नरसंहार
Accuse (of),verb,दोषी ठहराना
Unperturbed,adjective,अविचलित
Thanks to,phrase,के कारण
Meet,verb,पूरा करना
Tiny,adjective,बहुत छोटा
Disregard,noun,उपेक्षा
Barbarity,noun,क्रूरता
Well-being,noun,कल्याण
Balcker,noun,समर्थक
Prolong,verb,लंबा करना
Aimless,adjective,उद्देश्यहीन
Criticism,noun,आलोचना
Self-sabotage,noun,स्वयं को नुकसान पहुँचाना
Isolated,adjective,अलग-थलग
Intimacy,noun,निकटता
Perfectionism,noun,पूर्णतावाद
Shrink,verb,सिकुड़ना
Setback,noun,झटका
Let go,phrase,छोड़ देना
Erase,verb,मिटाना
Reclaim,verb,वापस पाना
Resonate,verb,"मेल खाना, गूंजना"
Come to light,phrase,उजागर होना
Book (for),verb,मुकदमा दर्ज करना
Unfortunately,adverb,दुर्भाग्यवश
Vu lnerable (to),adjective,"प्रवण, कमजोर"
Exploitation,noun,शोषण
Myriad,adjective,अनगिनत
Deterrence,noun,निवारण
Prohibit,verb,प्रतिबंधित करना
Hazardous,adjective,खतरनाक
Occupation,noun,पेशा
Juvenile,noun,किशोर
Enforcement,noun,प्रवर्तन
Hold the key,phrase,मुख्य कारण होना
Curb,verb,अंकुश लगाना
Scourge,noun,अभिशाप
Synergy,noun,तालमेल
Prerequisite,noun,पूर्वापेक्षा
Disrupt,verb,बाधित करना
Go hand in hand,phrase,साथ-साथ चलना
Host,verb,मेज़बानी करना
Regime,noun,शासन
Lean (on),verb,सहारा लेना
Reportedly,adverb,बताया जाता है कि
Sentence,noun,सज़ा
Forge,verb,मजबूत बनाना
Fitting,adjective,उपयुक्त
Overdue,adjective,विलंबित
Readout,noun,"विवरण, सारांश"
Dwell on,phrasal verb,गहराई से चर्चा करना
Geopolitical,adjective,भू-राजनीतिक
Undertone,noun,अंतर्निहित भाव
Summit,noun,शिखर सम्मेलन
Amidst,preposition,बीच में
Turmoil,noun,उथल-पुथल
Outrageous,adjective,आक्रोशजनक
Voice,verb,व्यक्त करना
Convey,verb,व्यक्त करना
Detail,verb,विस्तार से बताना
Development,noun,घटनाक्रम
Bridge the divide,phrase,मतभेद पाटना
Committed,adjective,समर्पित
Forward-looking,adjective,भविष्योन्मुखी
Have no truck with,phrase,कोई संबंध न रखना
Pronouncement,noun,घोषणा
Note verbale,noun,राजनयिक पत्र
Missive,noun,पत्र
Extradition,noun,प्रत्यर्पण
Perpetrate,verb,अंजाम देना
Crackdown,noun,कड़ी कार्रवाई
Amend,verb,संशोधित करना
Set out,phrasal verb,शुरू करना
Course,noun,मार्ग
Assuage,verb,शांत करना
Outright,adjective,स्पष्ट रूप से
Non-escalatory,adjective,गैर-उग्रकारी
Legality,noun,वैधानिकता
Protracted,adjective,लंबा खिंचा हुआ
Negotiation,noun,बातचीत
Liberation,noun,मुक्ति
Assassination,noun,हत्या
Exile,noun,निर्वासन
Strengthen,verb,मजबूत करना
Futile,adjective,निरर्थक
Refuge,noun,शरण
Colercive,adjective,बलपूर्वक
Shelter,verb,आश्रय
Waver,verb,डगमगाना
Furthermore,adverb,इसके अलावा
Bring someone to account,phrase,जवाबदेह बनाना
Mandate,noun,अधिदेश
Duly,adjective,यथोचित रूप से
Recognition,noun,मान्यता
Scar,verb,"घाव, निशान"
Embitter,verb,कड़वा बनाना
Tense,adjective,तनावपूर्ण
In a silo,phrase,अलग-थलग होकर
Aslpect,noun,पहलू
Question,verb,प्रश्न उठाना
Elicit,verb,निकलवाना
Take note of,phrase,ध्यान देना
Defunct,adjective,निष्क्रिय
For want of,phrase,की कमी के कारण
Bound (to),adjective,निश्चित
Impart,verb,प्रदान करना
Direct,verb,निर्देश देना
Spell out,phrasal verb,स्पष्ट रूप से बताना
Definite,adjective,निश्चित
Bring about,phrasal verb,लाना
Verdict,noun,फैसला
Call for,phrasal verb,मांग करना
Proactive,adjective,पूर्व-सक्रिय
Strip (of),verb,छीन लेना
From various walks of life,phrase,जीवन के विभिन्न क्षेत्रों से
Hearing,noun,सुनवाई
Inevitable,adjective,अपरिहार्य
Backlog,noun,लंबित कार्य
Intervention,noun,हस्तक्षेप
Confluence,noun,संगम
Sustained,adjective,निरंतर
Oultflow,noun,बहिर्वाह
Foreign portfolio investment,noun,विदेशी पोर्टफोलियो निवेश
Indices,noun,सूचकांक
Peak,verb,शिखर
Overstretched,adjective,अत्यधिक तनावग्रस्त
Stimulus,noun,प्रोत्साहन
Nudge,verb,हल्का धक्का देना
Emerging,adjective,उभरता हुआ
Headwind,noun,प्रतिकूल परिस्थिति
Rattle,verb,विचलित करना
Tariff,noun,शुल्क
Dominance,noun,प्रभुत्व
Protectionist,adjective,संरक्षणवादी
Materialise,verb,साकार होना
Sputtering,adjective,लड़खड़ाता हुआ
Trade deficit,noun,व्यापार घाटा
Show up,phrasal verb,दिखाई देना
Current account deficit,noun,चालू खाता घाटा
Throw up,phrasal verb,उत्पन्न करना
Soothing,adjective,सुखदायक
Forthrightly,adverb,स्पष्ट रूप से
Idea in the air,phrase,चर्चा में विचार
Stress,verb,जोर देना
De-dollarisation,noun,डॉलर पर निर्भरता कम करना
Agenda,noun,कार्यसूची
Unequivocal,adjective,स्पष्ट
To this effect,phrase,इस आशय से
Fora,noun,मंच
Parley,noun,वार्ता
Put something to rest,phrase,समाप्त कर देना
Take a hit,phrase,नुकसान उठाना
Bode well,phrase,शुभ संकेत देना
Inelastic item,noun,अस्थिर मांग वाली वस्तु
Moreover,adverb,इसके अलावा
To the extent,phrase,जिस हद तक
Trajectory,noun,प्रक्षेप पथ
Concede,verb,स्वीकार करना
Cramp,verb,सीमित करना
Pollicymaker,noun,नीति निर्माता
Woes,noun,कठिनाइयाँ
Faltering,adjective,लड़खड़ाता
Reluctant,adjective,अनिच्छुक
Resilience,noun,लचीलापन
Gear up,phrasal verb,तैयार होना
Dread,noun,भय
Incalculable,adjective,अकल्पनीय
Bubble up,phrasal verb,उभरना
Gigantic shard,noun,विशाल टुकड़ा
Layer (on),verb,परत चढ़ाना
Continent,noun,महाद्वीप
Collide,verb,टकराना
Diverge,verb,अलग होना
Slide,verb,खिसकना
Eurasian plate,noun,यूरेशियन प्लेट
Crust,noun,पपड़ी
Tilt,verb,झुकाव
Fractured,adjective,खंडित
Fault line,noun,भ्रंश रेखा
Seismologist,noun,भूकंप वैज्ञानिक
Latent energy,noun,गुप्त ऊर्जा
Reside,verb,निहित होना
Pent-up energy,noun,संचित ऊर्जा
Broad,adjective,व्यापक
Consensus,noun,सर्वसम्मति
Temblor,noun,भूकंप
Ambit,noun,दायरा
Insulation,noun,सुरक्षा कवच
Recurrent,adjective,बार-बार होने वाला
Outburst,noun,"विस्फोट, भड़काव"
Wash away,phrasal verb,बहा ले जाना
Inherent,adjective,अंतर्निहित
Fragility,noun,नाजुकता
Take into account,phrasal verb,ध्यान में रखना
Imminence,noun,आसन्नता
Factor into,phrasal verb,गणना में शामिल करना
Adhere (to),verb,पालन करना
Go a long way,phrase,बहुत मददगार होना
Susceptible,adjective,प्रवण
Wake up,phrasal verb,जागना
Throughout,adverb,पूरे समय
Compassion,noun,करुणा
Embrace,verb,अपनाना
In-person,adjective,प्रत्यक्ष रूप से
Rely (on),verb,निर्भर रहना
Solely,adverb,केवल
Uplift,verb,उत्थान
Refrain (from),verb,बचना
Validation,noun,पुष्टि
Urgency,noun,अत्यावश्यकता
Heal,verb,ठीक होना
Initiate,verb,शुरू करना
Comprehensive,adjective,व्यापक
Cornerstone,noun,आधारशिला
Consent,noun,सहमति
Manldate,noun,अधिदेश
Explicit,adjective,स्पष्ट
Guardian,noun,संरक्षक
Vital,adjective,अत्यंत महत्वपूर्ण
Exploit,verb,फायदा उठाना
Behavioural profiling,noun,व्यवहार विश्लेषण
Psychological,adjective,मनोवैज्ञानिक
Repurpose,verb,नए उद्देश्य से उपयोग करना
Double-edge sword,phrase,दोधारी तलवार
Data fiduciary,noun,डेटा न्यासी
Filter out,phrasal verb,छानकर हटाना
Provision,noun,प्रावधान
Susceptible (to),adjective,प्रवण
Stimuli,noun,उद्दीपन
Underscore,verb,रेखांकित करना
Collaboration,noun,सहयोग
Pivotal,adjective,"केंद्रीय, महत्वपूर्ण"
Framework,noun,ढांचा
Tranlsparent,adjective,पारदर्शी
Monitor,verb,निगरानी करना
Accountability,noun,जवाबदेही
Across the board,phrase,सभी पर लागू
Leap,noun,छलांग
Hinge (on),verb,पर निर्भर करना
Occasion,noun,अवसर
Streak,noun,लगातार क्रम
Conclude,verb,समाप्त करना
Seize,verb,जब्त करना
Margin,noun,अंतर
Squad,noun,टीम
Have one’s moment,phrase,अपना समय पाना
Victor,noun,विजेता
Podium,noun,पुरस्कार मंच
Play second fiddle,phrase,गौण भूमिका निभाना
Speedster,noun,तेज गेंदबाज़/धावक
Chase,noun,पीछा
Prosper,verb,समृद्ध होना
Skipper,noun,कप्तान
Resilient,adjective,"लचीला, दृढ़"
Follow-on,noun,फॉलो-ऑन
Transition,noun,परिवर्तन
Ease out,phrasal verb,धीरे-धीरे हटाना
Down Under,noun,ऑस्ट्रेलिया
Flux,noun,निरंतर बदलाव
Follow suit,phrase,अनुसरण करना
Sojourn,noun,अस्थायी प्रवास
Ton,noun,शतक
Yield,noun,"उपज, प्रतिफल"
Newcomer,adjective,नवागंतुक
Bail out,phrasal verb,उबारना
Ineptitude,noun,अक्षमता
Second-wind,noun,नई ऊर्जा
Toil,verb,कठोर परिश्रम
Rank,noun,"क्रम, दर्जा"
Adept (at),adjective,निपुण
At home,phrase,परिचित माहौल में
Invade,verb,आक्रमण करना
Diplomatic,adjective,कूटनीतिक
Crippling,adjective,विनाशकारी
NATO,noun,नाटो
Dictator,noun,तानाशाह
Swear,verb,शपथ लेना
Come to fruition,phrase,साकार होना
Mark,verb,चिन्हित करना
Breakthrough,noun,बड़ी सफलता
In terms of,phrase,के संदर्भ में
Resolve,noun,दृढ़ संकल्प
Press (on),verb,दबाव डालना
Hint (at),verb,संकेत देना
Unpalatable,adjmective,अरुचिकर
Annex,verb,कब्जा करना
Virtually,adverb,लगभग
Rule out,phrasal verb,खारिज करना
Indeed,adverb,वास्तव में
Sustain,verb,बनाए रखना
Unlequivocally,adverb,स्पष्ट रूप से
Denouement,noun,अंतिम परिणाम
Profound,adjective,गहरा
De facto,noun,वास्तव में
Territorial,adjective,क्षेत्रीय
Aggression,noun,आक्रामकता
Concerning,adjective,चिंताजनक
Undocumented,adjective,"अवैध, बिना दस्तावेज़"
Migration,noun,प्रवास
Merchandise,noun,माल
Mirror,verb,प्रतिबिंबित करना
Fragmentation,noun,विखंडन
Spill over,phrasal verb,फैल जाना
Dumping,noun,बाज़ार भाव से कम कीमत पर बेचना
Degree,noun,स्तर
Obsess (with),verb,जुनून होना
Secular,adjective,धर्मनिरपेक्ष
Portfolio,noun,निवेश समूह
Fine-tune,verb,सूक्ष्म समायोजन करना
Replicate,verb,दोहराना
Accomplish,verb,पूरा करना
Equilibrium,noun,संतुलन
Swift,adjective,तेज़
Inltervention,noun,हस्तक्षेप
Leeway,noun,छूट
De-globalisation,noun,वैश्वीकरण-विरोधी प्रवृत्ति
Inauguration,noun,उद्घाटन
Bilateral,adjective,द्विपक्षीय
On the sidelines of,phrase,के दौरान अलग से
Point towards,phrasal verb,संकेत देना
Merit,verb,योग्यता
The elephant in the room,phrase,अनदेखा बड़ा मुद्दा
Immigration,noun,आप्रवासन
Emphasise,verb,बल देना
Provided,preposition,बशर्ते
With respect to,phrase,के संबंध में
Willingness,noun,इच्छा
Reciprocal,adjective,पारस्परिक
Perhaps,adv@erb,शायद
Depress,verb,कम करना
Job displacement,noun,नौकरी विस्थापन
Likely,adjective,संभावित
Wrestle,verb,जूझना
Ultimately,adverb,अंततः
Anticipation,noun,प्रत्याशा
Recalibrate,verb,पुनः समायोजित करना
Duty,noun,"कर्तव्य, शुल्क"
Tinkering,noun,छोटे-मोटे बदलाव
Fix,noun,सुधारना
In the long term,phrase,दीर्घकाल में
Deepen,verb,गहरा करना
Ties,noun,संबंध
Economies,noun,अर्थव्यवस्थाएं
Resist,verb,प्रतिरोध करना
Arguably,adverb,संभवतः
On the cusp of,phrase,की दहलीज़ पर
Swiftly,adverb,तेज़ी से
Modernise,verb,आधुनिक बनाना
Ecosystem,noun,पारिस्थितिकी तंत्र
Landscape,noun,परिदृश्य
Envisage,verb,कल्पना करना
Decade,noun,दशक
Dog,verb,पीछे लगे रहना
Hydrologist,noun,जल विज्ञानी
Prone (to),adjective,प्रवण
Alteration,noun,परिवर्तन
Pay heed to,phrase,ध्यान देना
Come apart,phrase,बिखर जाना
Subject (to),verb,अधीन
Stringent,adjective,कठोर
Bar,noun,रोकना
Underline,verb,रेखांकित करना
Hasty,adjective,जल्दबाज़ी वाला
Spare no efforts,phrase,पूरी कोशिश करना
Extract,verb,निकालना
Concession,noun,रियायत
Unpredictability,noun,अप्रत्याशितता
Safle haven,phrase,सुरक्षित ठिकाना
Greenback,noun,अमेरिकी डॉलर
Hover,verb,मंडराना
Consecutive,adjective,लगातार
Stretch,noun,"अवधि, फैलाव"
Intervene,verb,हस्तक्षेप करना
Stem,verb,रोकना
On account of,phrase,के कारण
Revaluation,noun,पुनर्मूल्यांकन
Abate,verb,कम होना
Smoothen out,phrasal verb,सुचारू बनाना
Depreciation,noun,मूल्यह्रास
Headline inflation,noun,समग्र मुद्रास्फीति
Basis point,noun,आधार अंक
Considering,preposition,को ध्यान में रखते हुए
Slowdown,noun,मंदी
Fiscal consolidation,noun,राजकोषीय सुदृढ़ीकरण
Bring down,phrasal verb,कम करना
Fiscal deficit,noun,राजकोषीय घाटा
In the pursuit of,phrase,की खोज में
Stripe,noun,"प्रकार, धारी"
Regimen,noun,नियमित दिनचर्या
Bottom line,noun,मुख्य बिंदु
Cold,adjective,"ठंडा, उदासीन"
Condescension,noun,उपेक्षापूर्ण व्यवहार
Turnover,noun,कारोबार
Exhortation,noun,"प्रेरणा, अनुरोध"
Regularisation,noun,नियमितीकरण
In contrast to,phrase,की तुलना में
At the top of the pyramid,phrase,सर्वोच्च स्थान पर
Consideration,noun,विचार
Benchmark,noun,मानक
Translate,verb,"बदल जाना, परिणत होना"
Overlook,verb,अनदेखा करना
Sustainability,noun,स्थिरता
Out of the realm of possibility,phrase,असंभव
Valorise,verb,मूल्य बढ़ाना
Buck the trend,phrase,प्रवृत्ति के विपरीत जाना
Intuitive,adjective,सहज बोध वाला
Acumen,noun,कुशाग्रता
Internalise,verb,आत्मसात करना
Highlight,verb,उजागर करना
Preamble,noun,प्रस्तावना
Depressed,adjective,मंद
Concluded,adjective,समाप्त
Bounce back,noun,उबरना
Momentum,noun,गति
Pick up,noun,तेज होना
Government spending,noun,सरकारी व्यय
Capital expenditure,noun,पूंजीगत व्यय
Waning,adjective,क्षीण होता
Foreign portfolio investor,noun,विदेशी पोर्टफोलियो निवेशक
Spook,verb,डरा देना
Outbreak,noun,प्रकोप
Prompt,verb,प्रेरित करना
Reassess,verb,पुनर्मूल्यांकन करना
Alongside,adverb,साथ-साथ
Keep someone on someone’s toes,phrase,सतर्क रखना
Stave off,phrasal verb,टालना
Antithetical,adjective,विपरीत
Endeavour,noun,प्रयास
Need of the hour,phrase,समय की मांग
Reroute,verb,रास्ता बदलना
Glory,noun,गौरव
Formulate,verb,तैयार करना
Unlike,preposition,के विपरीत
Set-in-stone,adjective,"अटल, अपरिवर्तनीय"
Fascinating,adjective,आकर्षक
Complexity,noun,जटिलता
Statistic,noun,आंकड़ा
Interpret,verb,व्याख्या करना
Flat deck pitch,noun,सपाट पिच
Tiring,adjective,थकाने वाला
Inferior (to),adjective,निम्न स्तर का
Rank turner,noun,अत्यधिक स्पिन वाली पिच
Burst,noun,अचानक उभार
Pacer,noun,तेज गेंदबाज़
Dead pitch,noun,निष्क्रिय पिच
Dismissal,noun,बर्खास्तगी
Tabulated,adjective,सारणीबद्ध
Bound,adjective,बाध्य
Imprisoned,adjective,कैद किया गया
End up,phrasal verb,अंततः बनना
Reltinue,noun,अनुचर मंडल
Sacred,adjective,पवित्र
Dissect,verb,गहन विश्लेषण करना
Leap (into),verb,छलांग लगाना
Franchise,noun,फ्रेंचाइज़ी
Vulnerable,adjective,कमजोर
Modest,adjective,मामूली
Midway,noun,बीच में
Flawed,adjective,दोषपूर्ण
Concerted,adjective,सामूहिक
Gimmick,noun,"चोंचला, तिकड़म"
Blurred,adjective,धुंधला
Cluttered,adjective,अस्त-व्यस्त
Amenable (to),adjective,ग्रहणशील
Pro curement,noun,खरीद
Accord (to),verb,प्रदान करना
Existing,adjective,मौजूदा
Resistant (to),adjective,प्रतिरोधी
Water-guzzling,adjective,अत्यधिक पानी खपाने वाला
Harbour,verb,आश्रय देना
Ambiguity,noun,अस्पष्टता
Assurance,noun,आश्वासन
Procure,verb,प्राप्त करना
Fetch,verb,लाना
Globalise,verb,वैश्वीकृत करना
Sympathiser,noun,सहानुभूति रखने वाला
Caliph,noun,खलीफा
Unleash,verb,मुक्त करना
Infidel,noun,काफिर
Ebb,verb,"घटना, कम होना"
Deradicalisation,noun,उग्रवाद-निवारण
Following,preposition,निम्नलिखित
Fall,noun,गिरना
Loot,verb,लूटना
Depot,noun,भंडार
Conflict-ridden,adjective,संघर्षग्रस्त
Radicalisation,noun,कट्टरपंथीकरण
Counter,verb,विरोध करना
Register,verb,दर्ज करना
Disaggregated data,noun,विस्तृत उप-श्रेणी डेटा
Drag,noun,खींचना
In,phrase,में
Deceleration,noun,मंदी
Project,verb,अनुमान लगाना
At odds with,phrase,विरोध में
Prospect,noun,संभावना
Promising,adjective,आशाजनक
Moderate,verb,मध्यम
Subdued,adjective,दबा हुआ
Capex,noun,पूंजीगत व्यय
Undershoot,verb,लक्ष्य से कम रहना
Precise,adjective,सटीक
Nominal GDP,noun,नाममात्र जीडीपी
Real GDP,noun,वास्तविक जीडीपी
Straight,adjective,लगातार
Impli cation,noun,प्रभाव
Debt-deficit dynamics,noun,ऋण-घाटा गतिशीलता
Uncertainty,noun,अनिश्चितता
Influence,verb,प्रभाव डालना
Reverse flow,noun,उलटा प्रवाह
OECD countries,noun,ओईसीडी देश
Determinant,noun,निर्धारक कारक
Wage Differential,noun,वेतन अंतर
Remittance,noun,प्रेषण राशि
Absorb,verb,अवशोषित करना
Stranded,adjective,फंसा हुआ
Wage arbitration,noun,वेतन मध्यस्थता
Pace,noun,गति
Spurt,noun,अचानक वृद्धि
Throw in,phrasal verb,"जोड़ना, शामिल करना"
Shore,noun,मजबूत करना
Fallow,adjective,"परती, अनुपयोगी"
Tepid,adjective,"उदासीन, हल्का"
Ple dge,verb,प्रतिज्ञा करना
Herald,verb,संकेत देना
Augment,verb,बढ़ाना
Overwhelming,adjective,"भारी, प्रबल"
Point to,phrasal verb,संकेत करना
Intermittent,adjective,रुक-रुक कर
Reliance (on),noun,निर्भरता
Steep,adjective,तीव्र
Inflationary,adjective,मुद्रास्फीतिकारक
Counterproductive,adjective,प्रतिकूल
Capital goods,noun,पूंजीगत वस्तुएं
Extraction,noun,निष्कर्षण
Departure,noun,विचलन
Opt,verb,चुनना
Sluggish,adjective,सुस्त
Expansion,noun,विस्तार
Pose,verb,उत्पन्न करना
Stall,verb,रुक जाना
Disinflation,noun,मुद्रास्फीति दर में कमी
Diminishing,adjective,घटता हुआ
Trade-off,noun,"समझौता, अदला-बदली"
Make the case for,phrase,पक्ष में तर्क देना
Pressing,adjective,"तत्काल, अत्यावश्यक"
Alignment,noun,संरेखण
Apparently,adverb,प्रतीत होता है
Heled,verb,सहायता की
In tandem,phrase,साथ-साथ
At cross-purpose,phrase,विरोधाभास में
Cool,verb,ठंडा पड़ना
At the helm,phrase,नेतृत्व में
Oversee,verb,देखरेख करना
Incorporate,verb,शामिल करना
Slight,adjective,मामूली
Enhance,verb,बढ़ाना
Look forward to,phrase,प्रतीक्षा करना
Shivering,adjective,कंपकंपी
Feeble,adjective,कमज़ोर
Frail,adjective,निर्बल
Drink life to the lees,phrase,जीवन का पूर्ण आनंद लेना
Envy,noun,ईर्ष्या
Determination,noun,दृढ़ संकल्प
Envision,verb,परिकल्पना करना
Ailment,noun,बीमारी
Retreat,noun,पीछे हटना
Lies (in),verb,निहित होना
Equate,verb,बराबर मानना
Quietude,noun,शांति
In contrast,phrase,इसके विपरीत
Sedentary,adjective,गतिहीन
Obligation,noun,दायित्व
Wind down,phrasal verb,धीरे-धीरे समाप्त करना
Narrative,noun,"कथानक, विवरण"
Endure,verb,सहन करना
Thrive,verb,फलना-फूलना
Mould,noun,ढालना
Passive,adjective,निष्क्रिय
Take clue,phrase,प्रेरणा लेना
Sunset year,noun,अंतिम वर्ष
Tailor,verb,अनुकूल बनाना
Mobility,noun,गतिशीलता
Foster,verb,बढ़ावा देना
Loneliness,noun,अकेलापन
Accompany,verb,साथ जाना
Overlooked,adjective,अनदेखा किया गया
Passion,noun,जुनून
Vibrant,adjective,जीवंत
Merely,adverb,केवल
Aspire,verb,आकांक्षा रखना
Come across,phrasal verb,सामना होना
Jaaunt,noun,छोटी यात्रा
Globe,noun,विश्व
Perspective,noun,दृष्टिकोण
Hype,verb,अति-प्रचार
Fandom,noun,प्रशंसक समुदाय
Tribalism,noun,गुटबाजी
Passionate,adjective,उत्साही
Supercharged,adjective,अत्यधिक ऊर्जावान
Mob,noun,भीड़
Misjudgement,noun,गलत आकलन
Kangaroo court,phrase,पक्षपाती अदालत
Pit against,phrasal verb,आमने-सामने खड़ा करना
Undermine,verb,कमजोर करना
Bitterness,noun,कड़वाहट
Threaten,verb,"धमकाना, खतरा उत्पन्न करना"
Spill,verb,फैल जाना
Hamper,verb,बाधा डालना
In the long run,phrase,दीर्घकाल में
Unsolicited,adjective,"अवांछित, बिना मांगे"
Critics,noun,आलोचक
Stalwart,noun,दृढ़ समर्थक
Conscious (of),adjective,जागरूक
Legacy,noun,विरासत
Migrant,noun,प्रवासी
Proposed,adjective,प्रस्तावित
Talriff,noun,शुल्क
BRICS,noun,ब्रिक्स समूह
Considerably,adverb,काफी हद तक
Memoranda,noun,ज्ञापन
Striking,adjective,उल्लेखनीय
Optics,noun,जनधारणा
Swearing-in,noun,शपथ ग्रहण
Speculation,noun,अटकलें
Oligarchy,noun,कुलीनतंत्र
Resemble,verb,मिलता-जुलता होना
As it stands,phrase,वर्तमान स्थिति में
Strike a note,phrase,भाव व्यक्त करना
Innately,adverb,स्वाभाविक रूप से
Hostile,adjective,शत्रुतापूर्ण
To a considerable extent,phrase,काफी हद तक
Divlerge,verb,अलग होना
Often,adverb,प्रायः
Bipartisan,adjective,दलगत सहमति से
Deadlock,noun,गतिरोध
Internecine,adjective,"आपसी, पारस्परिक विनाशकारी"
Allocation,noun,आवंटन
In this instance,phrase,इस मामले में
Trifecta,noun,तीनों का संयोजन
Sympathetic,adjective,सहानुभूतिपूर्ण
Stacked (with),adjectivoe,भरा हुआ
Conservative,noun,परंपरावादी
Aisle,noun,गलियारा
Embolden,verb,साहस देना
Breadth,noun,विस्तार
Unconventional,adjective,अपरंपरागत
Bizarre,adjective,विचित्र
Takeover,noun,अधिग्रहण
De-recognition,noun,मान्यता वापसी
Threatening,adjective,धमकी भरा
Social security,noun,सामाजिक सुरक्षा
Bargaining power,noun,सौदेबाजी शक्ति
Code,noun,संहिता
Pitfall,noun,"खामी, कठिनाई"
Ecommerce,noun,ई-वाणिज्य
Limit,verb,सीमा
Formalised,adjective,औपचारिक बनाया गया
Fluid nature,noun,बदलती प्रकृति
Portability,noun,स्थानांतरणीयता
Algorithm,noun,कलनविधि
Alter,verb,बदलना
Oversight,noun,"निगरानी, चूक"
Pay parity,noun,वेतन समानता
Inconsistently,adverb,असंगत रूप से
Dead-end job,noun,बिना विकास वाली नौकरी
Dwindle,verb,घटते जाना
Dispersion,noun,फैलाव
Compete (with),verb,मुकाबला करना
Cultivate,verb,विकसित करना
Talent pool,noun,प्रतिभा समूह
Multilateral,adjective,बहुपक्षीय
Nodal,adjective,"नोडल, केंद्रीय"
Ex pand,verb,विस्तार करना
Potential,noun,संभावित
Carbon credit,noun,कार्बन क्रेडिट
Firm up,phrasal verb,पक्का करना
Dubious,adjective,संदिग्ध
Thrust,noun,मुख्य बिंदु
Gear towards,phrasal verb,की ओर उन्मुख करना
Resistance,noun,प्रतिरोध
In the pipeline,phrase,प्रगति में
Trait,noun,गुण
Assume,verb,मान लेना
Vagaries,noun,अनिश्चितताएं
Eventuality,noun,संभावित घटना
Pronounced,adjective,"स्पष्ट, प्रकट"
Heartland,noun,केंद्रीय क्षेत्र
Constitute,verb,गठित करना
In particular,phrase,विशेष रूप से
Patch,noun,छोटा भूखंड
Gamut,noun,दायरा
Encompass,verb,शामिल करना
Market linkage,noun,बाज़ार संपर्क
Hand out,phrasal verb,बांटना
Delegate,noun,प्रतिनिधि
Self-congratulatory,adjective,आत्म-प्रशंसात्मक
Populist,adjective,लोकलुभावन
Intractable,adjective,"दुर्दम्य, कठिन"
In peril,phrase,खतरे में
Safeguard,noun,सुरक्षा
Inclusive,adjective,समावेशी
Non-partisan,adjective,निष्पक्ष
Revoke,verb,रद्द करना
Belie,verb,विरोधाभास दिखाना
Necessity,noun,आवश्यकता
Migrate,verb,प्रवास करना
Inclredible,adjective,अविश्वसनीय
Sequential,adjective,क्रमिक
Easing,noun,राहत/शिथिलता
Colol,verb,कम होना
Fork out,phrasal verb,खर्च करना
Recall,verb,याद करना
Signal,verb,संकेत देना
Pass on,phrasal verb,स्थानांतरित करना
Reinvigorate,verb,पुनः ऊर्जावान बनाना
Fading,adjective,धुंधला होता
Volatile,adjective,अस्थिर
Admit,verb,स्वीकार करना
Suffice,verb,पर्याप्त होना
Weightage,noun,"महत्व, भारांक"
In line with,phrase,के अनुरूप
Propensity,noun,प्रवृत्ति
Commit,verb,प्रतिबद्ध होना
Await,verb,प्रतीक्षा करना
Durable,adjective,टिकाऊ
Slashing,adjective,भारी कटौती
Tangible,adjective,"मूर्त, ठोस"
Fiscal glide path,noun,राजकोषीय समायोजन योजना
Tip the scale,phrase,निर्णायक साबित होना
Imponderable,noun,अनिश्चित तत्व
Trade-off matrix,noun,लाभ-हानि तालिका
Unravelling,noun,बिखराव
Vis-à-vis,preposition,के संबंध में
Collateral effect,noun,अप्रत्यक्ष प्रभाव
Relsurge,verb,फिर से उभरना
Nuanced,adjective,सूक्ष्म
Imperative,adjective,अनिवार्य
Misstep,noun,गलत कदम
Alarming,adjective,चिंताजनक
Molunting,adjective,बढ़ता हुआ
Unchecked,adjective,अनियंत्रित
Bypass,verb,बचना
Probe,noun,जांच
Erode,verb,क्षीण करना
Recklessness,noun,लापरवाही
Nothing short of,phrase,लगभग बराबर
Betrayal,noun,विश्वासघात
Dry up,phrasal verb,सूख जाना
Vanish,verb,गायब होना
Fraction,noun,अंश
Keen (on),adjective,उत्सुक
Propose,verb,प्रस्तावित करना
Deliver (on),verb,पूरा करना
Leverage,verb,लाभ उठाना
Demographic dividend,noun,जनसांख्यिकीय लाभांश
Alliance,noun,गठबंधन
Discard,verb,त्यागना
Sworn foes,noun,कट्टर शत्रु
Vie,verb,प्रतिस्पर्धा करना
Prospective,adjective,संभावित
Vent,verb,व्यक्त करना
Tete-a-tete,noun,निजी बातचीत
Adolescent,adjective,किशोर
Go overboard,phrase,अति करना
Punch,verb,मुक्का मारना
Erupt,verb,भड़क उठना
Full-blown,adjective,पूर्ण रूप से विकसित
Fist,noun,मुट्ठी
Rationalise,verb,युक्तिसंगत बनाना
Abdomen,noun,पेट
Entitle (to),verb,हकदार बनाना
Retaliate,verb,बदला लेना
Apprehensive (of),adjective,चिंतित
Albeit,Conjunction,यद्यपि
Have no say,phrase,कोई अधिकार न होना
Allotment,noun,आबंटन
Diffident,adjective,संकोची
Convoluted,adjective,जटिल
At face value,noun,सतही तौर पर
Linguistically,adverb,भाषाई रूप से
Eventually,adverb,अंततः
Upbraid,verb,फटकारना
Tardiness,noun,देरी
Master,verb,में महारत हासिल करना
Sugar-coating the bitter pill,phrase,कड़वी बात को मीठा करके कहना
Blow,noun,आघात
Contemplate,verb,विचार करना
Polite,adjective,विनम्र
Trivial,adjective,मामूली
Mere,adjective,मात्र
Mortal,noun,"नश्वर, मानव"
Folly,noun,मूर्खता
Prleach,verb,उपदेश देना
Lift,verb,हटाना
Gauge,noun,आकलन करना
Assess,verb,मूल्यांकन करना
Blueprint,noun,रूपरेखा
Input cost inflation,noun,उत्पादन लागत मुद्रास्फीति
Somewhat,adverb,कुछ हद तक
Succour,noun,सहायता
Decelerating,adjective,धीमा होता हुआ
A tall task,phrase,कठिन कार्य
Catch up with,phrase,बराबरी पर आना
Fiscal,noun,राजकोषीय
Payout,noun,भुगतान
Pullback,noun,"वापसी, गिरावट"
Tad,noun,थोड़ा सा
Shoot up,phrasal verb,तेज़ी से बढ़ना
Persistent,adjective,लगातार बना रहने वाला
Contraction,noun,संकुचन
Scrutiny,noun,गहन जांच
Folrmulation,noun,"निर्माण, तैयार करना"
Pain points,phrase,समस्याएं
Afflict,verb,पीड़ित करना
Nothingness,noun,शून्यता
Subtle,adjective,सूक्ष्म
Shadow,noun,छाया
Quantum leap,noun,बहुत बड़ी छलांग
Conscious,adjective,सचेत
Ecstasy,noun,परमानंद
Enlightenment,noun,ज्ञानोदय
Prophet,noun,पैगंबर
Saviour,noun,उद्धारकर्ता
Incarnation,noun,अवतार
Asleep,adjective,निष्क्रिय
Awake,adjective,सतर्क
Sooner or later,phrase,देर-सवेर
Communicate,verb,संप्रेषित करना
Establish,verb,स्थापित करना
Set the standard,phrase,मानक स्थापित करना
Breach,verb,उल्लंघन करना
Fiduciary,noun,न्यासी संबंधी
Outcome,noun,परिणाम
Subordinate,adjective,अधीनस्थ
Legislation,noun,कानून
Regrettable,adjective,खेदजनक
Cloak,verb,छिपाना
Secrecy,noun,गोपनीयता
Convene,verb,बुलाना
Stakeholder,noun,हितधारक
Domain,noun,क्षेत्र
Foreclose,verb,"रोकना, समाप्त करना"
Stake,noun,हिस्सेदारी
Deliberative,adjective,विचारशील
Facilitate,verb,सुगम बनाना
Footing,noun,आधार
Transparency,noun,पारदर्शिता
Essential,adjective,आवश्यक
Proceed (with),verb,आगे बढ़ना
Depart,verb,विचलित होना
Penalilse,verb,दंडित करना
Neglect,noun,उपेक्षा करना
Discourage,verb,हतोत्साहित करना
Play out,phrasal verb,घटित होना
Fashion,noun,तरीका
Shake,verb,हिला देना
Under the aegis of,phrase,के तत्वावधान में
In view of,phrase,को देखते हुए
Surge,noun,उछाल
Reinfection,noun,पुनः संक्रमण
Immune,adjective,प्रतिरक्षित
Tract,noun,"मार्ग, तंत्र"
Mild,adjective,हल्का
Severe,adjective,गंभीर
Hospitalisation,noun,अस्पताल में भर्ती
Immunocompromised,adjective,कमजोर प्रतिरक्षा वाला
On the contrary,phrase,इसके विपरीत
Circulation,noun,प्रसार
Fatality,noun,मृत्यु दर
Expand,verb,विस्तार करना
Spike,noun,अचानक तेज वृद्धि
In lthe context of,phrase,के संदर्भ में
Novel,adjective,नया
Underlying,adjective,अंतर्निहित
Seize (on),verb,फायदा उठाना
A Double-edged sword,phrase,दोधारी तलवार
Public spending,noun,सार्वजनिक व्यय
Lever,noun,"उपकरण, माध्यम"
End,noun,समाप्त करना
Unrelenting,adjective,अनवरत
Tax rebate,noun,कर छूट
Compliance,noun,अनुपालन
Cope with,phrasal verb,सामना करना
Squeeze,verb,दबाव डालना
Resentment,noun,नाराज़गी
Mitigate,verb,कम करना
Stagnant,adjective,ठहरा हुआ
Inclination,noun,झुकाव
Incentivise,verb,प्रोत्साहित करना
Phase out,phrasal verb,धीरे-धीरे समाप्त करना
Devote,verb,समर्पित करना
Evident,adjective,स्पष्ट
Duty exemption,noun,शुल्क छूट
Stimulate,verb,प्रोत्साहित करना
Gig worker,noun,अस्थायी कामगार
Automation,noun,स्वचालन
Ambitiously,adverb,महत्वाकांक्षा से
Ride on,verb,पर निर्भर होना
Pragmatism,noun,व्यावहारिकता
Lone,adjective,अकेला
Last leg,noun,अंतिम चरण
Impeccable,adjective,त्रुटिरहित
Cement,verb,मजबूत करना
Onus,noun,जिम्मेदारी
Sandwich,verb,बीच में दबा देना
Squeeze out,phrasal verb,निचोड़ कर निकालना
Rung,noun,सीढ़ी का पायदान
Intense,adjective,तीव्र
Jostling,noun,धक्का-मुक्की
Trinity,noun,त्रिमूर्ति
Go past,phrase,आगे निकल जाना
Aura,noun,आभा
Dim,verb,धुंधला
Bane,noun,अभिशाप
Triumph,noun,विजय
Practitioner,noun,अभ्यासकर्ता
Fellow,adjective,साथी
Spontaneous,adjective,"सहज, स्वतःस्फूर्त"
Onl the contrary,phrase,इसके विपरीत
Confer (upon),verb,प्रदान करना
Characterise,verb,चित्रित करना
Subjugation,noun,अधीनता
Unalloyed,adjective,"शुद्ध, निर्मल"
Convenience,noun,सुविधा
Glorious,adjective,गौरवशाली
Inhabit,verb,निवास करना
Warmth,noun,गर्मजोशी
Gratitude,noun,कृतज्ञता
Goodwill,noun,सद्भावना
Heightened,adjective,बढ़ा हुआ
Oblige,verb,बाध्य करना
Delight,noun,आनंद
Thereby,adverb,इस प्रकार
Detached,adjective,अलग/उदासीन
Consciousness,noun,चेतना
Annul,verb,रद्द करना
Facilaitate,verb,सुगम बनाना
Detachment,noun,अलगाव
Finality,noun,अंतिमता
Infinite,adjective,अनंत
Submit (to),verb,समर्पण करना
Linger,verb,बना रहना
Last-minute,adjective,अंतिम क्षण का
Difference,noun,अंतर
W ithdrawal,noun,वापसी
Come into force,phrase,प्रभावी होना
Prisoner,noun,कैदी
Hostility,noun,शत्रुता
Degrade,verb,क्षीण करना
Militant,adjective,उग्रवादी
Outgoing,adjective,जाने वाला
Tactic,noun,रणनीति
Persuade,verb,मनाना
Committed (to),adjective,प्रतिबद्ध
Roadblock,noun,बाधा
Desperately,adverb,बेताबी से
Bridge the gaps,phrase,अंतर पाटना
Ruling,adjective,फैसला
Pragmatic,adjective,व्यावहारिक
Prevail,verb,प्रबल होना
Mount,verb,बढ़ना
Stature,noun,"कद, प्रतिष्ठा"
Olympiad,noun,ओलंपियाड
Rival,verb,प्रतिद्वंद्वी
Churn out,phrasal verb,लगातार उत्पन्न करना
Quibble,noun,छोटी-मोटी आपत्ति
Tale,noun,कहानी
Retain,verb,बनाए रखना
Giant,noun,दिग्गज
Victorious,adjective,विजयी
Go about,phrasal verb,करने का तरीका अपनाना
Deteriorate,verb,बिगड़ना
Stretch out,phrasal verb,फैलाना
Last-mile,adjective,अंतिम चरण की
Weigh on,phrasal verb,बोझ बनना
Proximate,adjective,निकटतम
Commence,verb,आरंभ करना
Shallow,adjective,उथला
Downcycle,noun,आर्थिक मंदी चरण
Fleeting,adjective,क्षणिक
Sanction,noun,प्रतिबंध
Tighten,verb,कड़ा करना
Opec+,noun,ओपेक प्लस
Instability,noun,अस्थिरता
Cou ntermeasure,noun,प्रतिरोधी उपाय
Throttle,verb,नियंत्रित करना
Insulate,verb,"बचाना, सुरक्षित रखना"
Prop up,phrasal verb,सहारा देना
Giveaway,noun,मुफ्त सुविधा
Revival,noun,पुनरुद्धार
Offset,verb,संतुलित करना
Equity bear,noun,शेयर बाज़ार में मंदी वाला
Stockpiling,noun,भंडारण
Add to,phrasal verb,बढ़ाना
Stubbornly,adverb,हठपूर्वक
Contested,adjective,विवादित
Amid,preposition,के बीच
In place,phrase,लागू
Considerable,adjective,पर्याप्त
Feed (by),verb,पोषित होना
Deficient,adjective,अपर्याप्त
Ride out,phrasal verb,मुश्किल समय पार करना
Domino effect,noun,श्रृंखला प्रभाव
Embargo,verb,प्रतिबंध
Core,noun,"मूल, केंद्रीय"
The Literate,noun,साक्षर लोग
The Illiterate,noun,निरक्षर लोग
Convention,noun,परंपरा
Sustenance,noun,जीविका
Individualistic,adjective,व्यक्तिवादी
For the sake of,phrase,की खातिर
Belongingness,noun,अपनेपन का भाव
Nomenclature,noun,नामकरण पद्धति
Accommodation,noun,समायोजन
Split up,phrasal verb,अलग हो जाना
Interference,noun,हस्तक्षेप
Regard,noun,"मानना, सम्मान"
Give up,phrasal verb,छोड़ देना
Crack,noun,दरार
Preserve,verb,संरक्षित रखना
Sobriety,noun,"गंभीरता, संयम"
Humility,noun,विनम्रता
Civilised,adjective,सभ्य
Disciplinarian,adjective,अनुशासनप्रिय
Scholar,noun,विद्वान
Condemn,verb,निंदा करना
Breeding ground,noun,अनुकूल स्थान
Awaken,verb,जगाना
Wellbeing,noun,कल्याण
Contribute (to),verb,योगदान देना
Optimism,noun,आशावाद
Fare,verb,प्रदर्शन करना
Peer,noun,"सहकर्मी, समकक्ष"
Derivative,noun,व्युत्पन्न वित्तीय साधन
Deplete,verb,समाप्त करना
Liquidity,noun,तरलता
Outstanding short position,noun,बकाया शॉर्ट स्थिति
Forward market,noun,वायदा बाज़ार
Roll over,phrasal verb,आगे बढ़ाना
Turbulence,noun,उथल-पुथल
Erroneous,adjective,गलत
Examine,verb,जांचना
Appreciate,verb,मूल्य बढ़ना
Imported inflation,noun,आयातित मुद्रास्फीति
Liability,noun,देनदारी
Overseas,adjective,विदेशी
Large-scale,adjective,बड़े पैमाने पर
Devotee,noun,अनुयायी
Pass away,phrasal verb,निधन होना
Eaxtensive,adjective,व्यापक
Elaborate,adjective,विस्तृत
Mechanism,noun,तंत्र
Well-dispersed,adjective,अच्छी तरह फैला हुआ
Deployment,noun,तैनाती
Nonetheless,adverb,फिर भी
Trigger,verb,उकसाना
Chaos,noun,अराजकता
Shed,verb,त्यागना
Lapse,noun,चूक
Unfold,verb,प्रकट होना
Commendable,adjective,प्रशंसनीय
Streamline,verb,व्यवस्थित करना
Spontaneity,noun,सहजता
Pilgrim,noun,तीर्थयात्री
Equitable,adjective,न्यायसंगत
Roster system,noun,रोस्टर प्रणाली
Ecological,adjective,पारिस्थितिक
Stem from,phrasal verb,से उत्पन्न होना
Deforesatation,noun,वनों की कटाई
Urbanisation,noun,शहरीकरण
Footfall,noun,आगंतुकों की संख्या
Biodiversity,noun,जैव विविधता
Divine,adjective,दिव्य
Accessibility,noun,सुगम्यता
Versatility,noun,बहुमुखी प्रतिभा
Kaleidoscope,noun,विविधता भरा दृश्य
Viv id,adjective,"स्पष्ट, जीवंत"
Depict,verb,चित्रित करना
Diversity,noun,विविधता
Aesthetic,adjective,सौंदर्यपरक
Rite,noun,रीति
Milestone,noun,"उपलब्धि, पड़ाव"
Drape,verb,ढकना
Heirloom,noun,पैतृक धरोहर
Hand down,phrasal verb,आगे सौंपना
Symbolise,verb,प्रतीक होना
Steadfast,adjective,अटल
Emblem,noun,प्रतीक चिन्ह
Sensibility,noun,संवेदनशीलता
Reinterpret,verb,नए ढंग से व्याख्या करना
Infuse,verb,भर देना
Contemporary,adjective,समकालीन
Evolve,verb,विकसित होना
Femininity,noun,स्त्रीत्व
Adorn,verb,सजाना
Intricate,adjective,जटिल
Showcase,verb,प्रदर्शित करना
Precision,noun,सटीकता
Appreciation,noun,प्रशंसा
Craftsmanship,noun,शिल्प कौशल
Elegance,noun,शालीनता
Attire,noun,पोशाक
Ubiquity,noun,सर्वव्यापकता
Charm,noun,आकर्षण
Mundane,adjective,"सामान्य, नीरस"
Majestic,adjective,भव्य
Embodiment,noun,साकार रूप
Enduring,adjective,स्थायी
Soul,noun,आत्मा
Exist,verb,अस्तित्व में होना
Term,noun,अवधि
Truce,noun,युद्धविराम
To a large extent,phrase,काफी हद तक
Ripple,verb,प्रभाव फैलना
Affordability,noun,वहनीयता
Strained,adjective,तनावपूर्ण
Humanity,noun,मानवता
Be it,phrase,चाहे जो भी हो
Deed,noun,कार्य
Torchbearer,noun,अग्रदूत
Noble,adjective,उदात्त
Reflection,noun,"प्रतिबिंब, चिंतन"
Aspect,noun,पहलू
Virtue,noun,सद्गुण
Inculcate,verb,अंतर्निहित करना
Associated (with),adjective,जुड़ा हुआ
Embody,verb,प्रतिनिधित्व करना
Tap into,phrasal verb,उपयोग में लाना
Embark on,phrasal verb,आरंभ करना
Love and light,noun,प्रेम और सकारात्मकता
Perseverance,noun,दृढ़ता
Inevitably,adjective,अनिवार्य रूप से
Blessing,noun,वरदान
Comamitted (to),adjective,समर्पित
Principle,noun,सिद्धांत
At hand,phrase,तुरंत उपलब्ध
Overturn,verb,पलट देना
Rigorous,adjective,कठोर
Imprisonment,noun,कारावास
Ambiguous,adjective,अस्पष्ट
Terrain,noun,भूभाग
Defer,verb,स्थगित करना
Criminalise,verb,अपराध घोषित करना
Lie,verb,झूठ
Legislature,noun,विधानमंडल
Institution,noun,संस्था
Spousal,adjective,वैवाहिक
Stark,adjective,"स्पष्ट, कठोर"
Wake-up call,noun,चेतावनी संकेत
At large,phrase,सामान्यतः
Salfeguard,noun,सुरक्षा
Liberty,noun,स्वतंत्रता
Dignity,noun,गरिमा
Unltapped,adjective,अप्रयुक्त
Inaugural,adjective,उद्घाटन संबंधी
Marginalised,adjective,हाशिए पर पड़ा
Set the tone for,phrase,दिशा तय करना
Reinforce,verb,मजबूत करना
Empowerment,noun,सशक्तिकरण
Compelling,adjective,प्रभावशाली
Bridge the gap,phrase,अंतर कम करना
Feature,verb,विशेषता
Delve (into),verb,गहराई से जांचना
Affordable,adjective,किफायती
Strengthened,adjective,मजबूत किया गया
Resounding,adjective,जोरदार
Unwavering,adjective,अटूट
Poise (to),verb,तैयार होना
Make one’s day,phrase,दिन खुशनुमा बनाना
Monetary,adjective,मौद्रिक
Evoke,verb,जगाना
Empathy,noun,सहानुभूति
Bring forth,phrasal verb,प्रस्तुत करना
Crinkle,noun,सिलवट
Implicit,adjective,अंतर्निहित
Gems,noun,रत्न
Brighten,verb,उज्ज्वल करना
Takeaway,noun,मुख्य सीख
Beat the odds,phrase,मुश्किलों पर विजय पाना
Brim with,phrasal verb,से भरा होना
Humaneness,noun,मानवीयता
Rationality,noun,तर्कसंगतता
Nurture,verb,पोषण करना
Ignite,verb,प्रज्वलित करना
Soar,verb,ऊँची उड़ान भरना
Academic,adjective,शैक्षणिक
Soul-nurturing,adjective,आत्मा को पोषित करने वाला
Compassionate,adjective,दयालु
Kind-hearted,adjective,दयालु
Spirited,adjective,जोशीला
Comapliment,noun,प्रशंसा
Lose sight of,phrase,नजरअंदाज़ कर देना
Subsidiary,adjective,सहायक कंपनी
Equalisation,noun,समकरण
Nationwide,adverb,देशव्यापी
Whittle down,phrasal verb,धीरे-धीरे घटाना
Upfront funding,noun,अग्रिम वित्तपोषण
Stable funding,noun,स्थिर वित्तपोषण
Bilaterally,adverb,द्विपक्षीय रूप से
Compact,verb,संक्षिप्त करना
Credible,adjective,विश्वसनीय
Substantively,adverb,पर्याप्त रूप से
Incline (to),verb,झुकाव होना
Arduous,adjective,कठिन
Absorptive capacity,noun,अवशोषण क्षमता
Hurdle,noun,बाधा
On board,phrase,शामिल
Migrant labour,noun,प्रवासी मजदूर
Substantially,adverb,काफी हद तक
Suppress,verb,दबाना
Artificially,adverb,कृत्रिम रूप से
Seeding,noun,बीज बोना
Prune,verb,काट-छांट करना
Fruits,noun,"परिणाम, लाभ"
Destitute,noun,अत्यंत निर्धन
Elaboration,noun,विस्तृत विवरण
Ideologically,adverb,वैचारिक रूप से
Violent,adjective,हिंसक
Armistice,noun,युद्धविराम
Faction,noun,गुट
Cadre,noun,कार्यकर्ता समूह
Means,noun,साधन
Rebellion,noun,विद्रोह
Merger,noun,विलय
Current,noun,प्रवृत्ति
Venture,verb,उद्यम
Tactical,adjective,रणनीतिक
Utilisation,noun,उपयोग
Dastardly,adverb,नीचता से
Potency,noun,शक्ति
Inflict,verb,पहुँचाना (नुकसान)
Grain of truth,phrase,थोड़ी सच्चाई
Outfit,noun,संगठन
Bastion,noun,गढ़
Extremist,adjective,अतिवादी
Casualty,noun,हताहत
Camouflage,verb,छिपाना
Planted,adjective,जमाया गया
Knee-jerk reaction,noun,तत्काल प्रतिक्रिया
Intensify,verb,तेज़ होना
Culprit,noun,दोषी
Step up,phrasal verb,बढ़ाना
Abjure,verb,त्याग करना
Get carried away,phrase,"बह जाना, अति उत्साहित होना"
Retaliation,noun,प्रतिशोध
Play right into the hands,phrase,जाल में फंसाना
Propaganda,noun,प्रचार
Repression,noun,दमन
Wipe out,phrasal verb,मिटा देना
Work out,phrasal verb,सुलझाना
Well-positioned,adjective,अनुकूल स्थिति में
Enhancement,noun,सुधार
Perception,noun,धारणा
Insight,noun,अंतर्दृष्टि
Scientific temper,noun,वैज्ञानिक सोच
Affiliate (to),verb,संबद्ध करना
Align,verb,संरेखित करना
Legendary,adjective,"महान, प्रसिद्ध"
Glean from,phrasal verb,से जानकारी प्राप्त करना
TED Talk,noun,टेड टॉक
Glimpse,noun,झलक
Never mind,phrase,कोई बात नहीं
Rub shoulder,phrase,मेलजोल रखना
Reverberate,verb,गूंजना
Cheering,noun,जयकार
Craft,verb,गढ़ना
Memorable,adjective,यादगार
Critical thinking,noun,विश्लेषणात्मक चिंतन
Self-reflection,noun,आत्म-चिंतन
Unifying,adjective,एकजुट करने वाला
Numerous,adjective,अनेक
Essence,noun,सार
Dialect,noun,बोली
Weave,verb,बुनना
Varied,adjective,विविध
Ethos,noun,मूल भावना
Transcend,verb,पार करना
Staple,noun,"मुख्य, आधार वस्तु"
Tapestry,noun,"मिश्रण, ताना-बाना"
Witty,adjective,बुद्धिमानी भरा हास्य
Elite,noun,अभिजात वर्ग
Excesses,noun,अतिरेक
Wise,adjective,बुद्धिमान
Intellectual,adjective,बौद्धिक
Wit,noun,बुद्धिचातुर्य
Subtly,adverb,सूक्ष्म रूप से
Embed,verb,जड़ना/समाहित करना
Critique,noun,समीक्षा
Hierarchy,noun,पदानुक्रम
Stewardship,noun,"देखरेख, प्रबंधन"
Agrarian,adjective,कृषि संबंधी
Revered,adjective,आदरणीय
Reservoir,noun,भंडार
Indispensable,adjective,अपरिहार्य
Era,noun,युग
Antiquated,adjective,पुराना
Relevance,noun,प्रासंगिकता
Adapt,verb,अनुकूलित करना
Harness,verb,उपयोग में लाना
Emotive,adjective,भावनात्मक
Evaluate,verb,मूल्यांकन करना
Central,adjective,मुख्य
Reflective,adjective,चिंतनशील
Enlightened,adjective,प्रबुद्ध
Ideology,noun,विचारधारा
Resort (to),verb,सहारा लेना
Tenfold,adjective,दस गुना
Detrimental (to),adjective,हानिकारक
Critlical thinking,noun,विश्लेषणात्मक चिंतन
Broad-based,adjective,व्यापक आधार वाला
Distinct,adjective,भिन्न
Social fabric,noun,सामाजिक ताना-बाना
Bureaucrat,noun,सरकारी अधिकारी
Groom,verb,तैयार करना
Integral,adjective,अभिन्न
Minimal,adjective,न्यूनतम
Credential,noun,प्रमाणपत्र
Relly (on),verb,निर्भर रहना
Lie (in),verb,निहित होना
Accountable,adjective,जवाबदेह
Subpar,adjective,स्तर से नीचे
Virtual,adjective,आभासी
Biased,adjective,पक्षपाती
Tarnish,verb,धूमिल करना
Respondent,noun,"प्रतिवादी, उत्तरदाता"
Catalyst,noun,उत्प्रेरक
Align with,phrasal verb,अनुरूप होना
Collaborate,verb,सहयोग करना
Righteous,adjective,"धर्मी, नैतिक"
Straightforward,adjective,"सीधा, सरल"
Pesticide,noun,कीटनाशक
Chip away,phrasal verb,धीरे-धीरे कम करना
Predictable,adjective,अनुमानित
Unpleasant,adjective,अप्रिय
Reminder,noun,याद दिलाने वाली बात
Flaw,noun,कमी
Assure,verb,आश्वासन देना
Untouched,adjective,अछूता
Bell pepper,noun,शिमला मिर्च
Bland,adjective,फीका
Fade (from),verb,धीरे-धीरे मिट जाना
Appeal,noun,आकर्षण
Overshadow,verb,प्रभावहीन कर देना
Torn,adjective,"बंटा हुआ, फटा"
Appealing,adjective,आकर्षक
Exposure,noun,"जोखिम, संपर्क"
Complication,noun,जटिलता
Build up,phrasal verb,जमा होना
Relinforce,verb,मजबूत करना
Synonymous,adjective,पर्यायवाची
Seek out,phrasal verb,खोज निकालना
Undergo,verb,से गुजरना
Commitment (to),noun,समर्पण
Culinary,adjective,पाककला संबंधी
Constitution Bench,noun,संविधान पीठ
Put in place,phrase,लागू करना
Helm,verb,नेतृत्व करना
Ad hoc measure,noun,अस्थायी उपाय
Petitioner,noun,याचिकाकर्ता
Executive,adjective,कार्यपालिका
Functioning,noun,कार्यप्रणाली
Debatable,adjective,विवादास्पद
Vest,verb,निहित होना
Render,verb,बना देना
Vulnerable (to),adjective,प्रवण
In the midst of,phrase,के बीच में
Fait accompli,noun,पूर्ण किया हुआ कार्य
In the run-up to,phrase,से पहले की अवधि में
Fiercely,adverb,उग्रता से
Electorate,noun,मतदातागण
Adjudicate,verb,निर्णय देना
Fall short of,phrase,कम पड़ना
Conviction,noun,दोषसिद्धि
Counterpart,noun,समकक्ष
Ecologically,adverb,पारिस्थितिक रूप से
Destructive,adjective,विनाशकारी
Bottom trawling,noun,गहरे समुद्र में मछली पकड़ना
Over-exploitative,adjective,अत्यधिक शोषणकारी
Take place,phrase,घटित होना
Negotiate,verb,बातचीत करना
Business-as-usual,adjective,सामान्य दिनचर्या
Detain,verb,हिरासत में लेना
Incentive,noun,प्रोत्साहन
Dipllomacy,noun,कूटनीति
Stick (to),verb,पर टिके रहना
Commitment,noun,प्रतिबद्धता
Delegation,noun,प्रतिनिधिमंडल
Pull back,phrasal verb,पीछे हटना
Cast doubt on,phrase,संदेह करना
Dismantling,noun,विघटन
Wound,verb,घाव
Strike a deal,phrase,समझौता करना
Ethnically cleanse,noun,जातीय सफाया करना
Harden,verb,कठोर हो जाना
Violate,verb,उल्लंघन करना
Abyss,noun,गहरा गड्ढा
War of attrition,noun,क्षय युद्ध
Honour,verb,सम्मान करना
Outlandish,adjective,अजीबोगरीब
Governance,noun,शासन व्यवस्था
Reconstruction,noun,पुनर्निर्माण
Injurious,adjective,हानिकारक
Addictive,adjective,लतयुक्त
Put out,phrasal verb,जारी करना
Cap,noun,सीमा तय करना
Minor,noun,"मामूली, नाबालिग"
Disenchantment,noun,मोहभंग
Patent,verb,पेटेंट
By contrast,phrase,इसके विपरीत
Advent,noun,आगमन
Balre one’s fangs,phrase,अपनी हानिकारक मंशा दिखाना
Malign,verb,बदनाम करना
Attest (to),verb,पुष्टि करना
Hook,verb,आकर्षित करना
Deterrent,noun,निवारक
Addict,verb,आदी बनाना
Millennial,noun,सहस्राब्दी पीढ़ी का व्यक्ति
Native,noun,मूल निवासी
Restless,adjective,बेचैन
Crumble,verb,बिखर जाना
Round-the-clock,phrase,चौबीसों घंटे
Ascertain,verb,पता लगाना
Devise,verb,तैयार करना
Optimal,adjective,इष्टतम
Playbook,noun,रणनीति पुस्तिका
Strand,verb,फंसा देना
Excavation,noun,खुदाई
Deemed,adjective,माना गया
Episode,noun,"घटना, प्रकरण"
Deluge,noun,बाढ़
Muck,noun,गंदगी
Gush,verb,तेज़ी से बहना
Barring,preposition,को छोड़कर
Torrential,adjective,मूसलाधार
Catastrophic,adjective,विनाशकारी
Rupture,noun,"फटना, दरार"
Aquifer,noun,भूजल स्तर
Commission,verb,अधिकृत करना
Geoalogy,noun,भूविज्ञान
Deformity,noun,विकृति
Tunnelling,noun,सुरंग बनाना
Paramount,adjective,सर्वोपरि
Tardy,adjective,देर से आने वाला
Unconscious,adjective,बेहोश
Grapple with,phrasal verb,जूझना
Array,noun,श्रृंखला
Coordinate,verb,समन्वय करना
Oversees,verb,देखरेख करता है
At one's core,phrase,मूल रूप से
Blend,verb,मिलाना
Holistic,adjective,समग्र
Morale,noun,मनोबल
Gender-diverse,adjective,लिंग विविधता वाला
Pigeonhole,verb,एक ही श्रेणी में बांधना
Decisive,adjective,निर्णायक
Exemplify,verb,उदाहरण देना
On the horizon,phrase,जल्द आने वाला
Masculine,adjective,पुरुषोचित
Demonstrate,verb,प्रदर्शित करना
Space,noun,क्षेत्र
Refurbishment,noun,नवीनीकरण
Emlission,noun,उत्सर्जन
Conserve,verb,संरक्षित करना
Avenue,noun,मार्ग
Explore,verb,खोजना
Sanitation,noun,स्वच्छता
Sensitise,verb,संवेदनशील बनाना
Incorporation,noun,समावेशन
Alleged,adjective,कथित
Encounter,noun,मुलाकात/टकराव
Complacency,noun,आत्मसंतुष्टि
Colncerning,adjective,चिंताजनक
Coexist,verb,साथ-साथ रहना
Anthropogenic,adjective,मानव-जनित
Graze,verb,चरना
Encroachment,noun,अतिक्रमण
Fringe,noun,"हाशिया, किनारा"
Invasive,adjective,अतिक्रामक
Eliminate,verb,समाप्त करना
Feral,adjective,जंगली (पालतू से बना)
A Step in the right direction,phrase,सही दिशा में कदम
Propagate,verb,फैलाना
Restore,verb,पुनर्स्थापित करना
Fatigue,noun,थकान
Differentiate,verb,अंतर करना
Devotion,noun,भक्ति/समर्पण
Efficiency,noun,दक्षता
Scalability,noun,विस्तारणीयता
Rigid,adjective,कठोर
Orchestrate,verb,योजनाबद्ध ढंग से करना
Maximise,verb,अधिकतम करना
Unsustainable,adjective,असंवहनीय
Misgovernance,noun,कुशासन
Tenet,noun,सिद्धांत
Enforce,verb,लागू करना
Constraint,noun,बाधा
Dragging,adjective,थकाऊ
Overburdening,noun,अत्यधिक भार डालना
Exhibit,verb,प्रदर्शित करना
Mutual,adjective,पारस्परिक
Cog,noun,छोटा पुर्जा
Cohesively,adverb,एकजुट होकर
Undue,adjective,अनुचित
Productivity,noun,उत्पादकता
Gradual,adjective,क्रमिक
Accompanying,adjective,संलग्न
Hot button issue,noun,विवादास्पद मुद्दा
Internationalise,verb,अंतरराष्ट्रीय बनाना
Join the ranks,phrase,शामिल होना
Diversify,verb,विविधता लाना
Catchment country,noun,स्रोत देश
Contract,verb,सिकुड़ना
Misery,noun,दुख
Manifest,verb,प्रकट होना
Divinity,noun,दिव्यता
Illusion,noun,भ्रम
Permeate,verb,व्याप्त होना
Devastating,adjective,विनाशकारी
Jealousy,noun,ईर्ष्या
Arrogance,noun,अहंकार
Accomplishment,noun,उपलब्धि
Elevated,adjective,ऊंचा
Tremendous,adjective,जबरदस्त
Discord,noun,मतभेद
Uplifting,adjective,उत्साहवर्धक
Breathe,verb,सांस लेना
Vitality,noun,जीवनशक्ति
Inducing,adjective,उत्पन्न करने वाला
Emblazon,verb,अंकित करना
Magnify,verb,बढ़ा-चढ़ा कर दिखाना
Gradually,adverb,धीरे-धीरे
Iconic,adjective,प्रतिष्ठित
Lofty,adjective,"उच्च, महान"
Audacious,adjective,साहसी
Grit,noun,दृढ़ता
Set aside,phrasal verb,अलग रखना
Hang out,phrasal verb,समय बिताना
Intellect,noun,बुद्धि
Meander,verb,घुमावदार रास्ते से चलना
Astounding,adjective,अद्भुत
Paycheque,noun,वेतन
Empathize,verb,सहानुभूति रखना
Applaud,verb,सराहना करना
Rise to the occasion,phrase,अवसर पर खरा उतरना
Outstanding,adjective,"उत्कृष्ट, बकाया"
Limitless,adjective,असीमित
Excel,verb,उत्कृष्टता हासिल करना
Contend,verb,तर्क देना
Crucial,adjective,महत्वपूर्ण
Self-reliance,noun,आत्मनिर्भरता
Notably,adverb,विशेष रूप से
Stand out,phrasal verb,अलग दिखना
Integrate,verb,एकीकृत करना
Livelihood,noun,आजीविका
Standard of living,noun,जीवन स्तर
Alleviaation,noun,राहत
Prominent,adjective,प्रमुख
Creed,noun,मत/विश्वास
Lunar calendar,noun,चंद्र पंचांग
Upsurge,noun,उभार
Slumber,noun,गहरी नींद
Upright,adjective,"सीधा, ईमानदार"
Boundless,adjective,असीम
Conventional,adjective,पारंपरिक
Stillness,noun,"शांति, स्थिरता"
Dynamism,noun,ऊर्जा/गतिशीलता
Absolute,adjective,पूर्ण
Cosmos,noun,ब्रह्मांड
Entangle,verb,उलझाना
Inward,adjective,आंतरिक
Harmony,noun,सामंजस्य
Bliss,noun,परमानंद
Out of sync,phrase,असंगत
Toxic,adjective,विषाक्त
Compulsive,adjective,अनियंत्रित
Dimension,noun,पहलू
Conduit,noun,माध्यम
Grace,noun,"अनुग्रह, सौम्यता"
Reignite,verb,फिर से जगाना
Stasis,noun,ठहराव
Cast,verb,डालना
Languish,verb,क्षीण होना
Underpinning,noun,आधार
Run aground,phrase,ठप पड़ जाना
Derail,verb,पटरी से उतारना
In spite of,phrase,के बावजूद
Derailment,noun,विफलता
Free trade agreement,noun,मुक्त व्यापार समझौता
Outline,verb,रूपरेखा
Put aside,phrasal verb,अलग रखना
Acrimony,noun,कटुता
Air,verb,सार्वजनिक रूप से व्यक्त करना
Grievance,noun,शिकायत
Rhetoric,noun,अलंकारिक भाषण
Exchange,noun,आदान-प्रदान
Resolution,noun,"संकल्प, समाधान"
Gesture,noun,"इशारा, भाव"
Counsel,noun,सलाह
Heed,verb,ध्यान देना
Productive,adjective,उत्पादक
Replica,noun,प्रतिकृति
Cohesion,noun,एकजुटता
Atrophy,verb,क्षीण होना
Digitise,verb,डिजिटल बनाना
Transcript,noun,प्रतिलिपि
Digitisation,noun,डिजिटलीकरण
Technocratic,adjective,तकनीकी विशेषज्ञ आधारित
Blatantly,adverb,खुलेआम
Wield,verb,प्रयोग करना (शक्ति)
Interpretation,noun,व्याख्या
Unambiguous,adjective,"स्पष्ट, असंदिग्ध"
Saturation,noun,संतृप्ति
Enrollment,noun,नामांकन
Fervour,noun,उत्साह
Attain,verb,प्राप्त करना
In the event of,phrase,की स्थिति में
Rattle sabre,phrase,युद्ध की धमकी देना
Rechristen,verb,नया नाम देना
Keen,adjective,उत्सुक
Bedrock,noun,मूल आधार
Tall claim,phrase,बढ़ा-चढ़ा कर किया दावा
Take effect,phrase,लागू होना
Ill-disguised,adjective,अस्पष्ट रूप से छिपा हुआ
Proxy,noun,प्रतिनिधि
Steer clear of,phrase,से दूर रहना
Undertake,verb,करने का बीड़ा उठाना
Back,verb,समर्थन करना
Scale,noun,"स्तर, पैमाना"
Disruption,noun,व्यवधान
Manifestation,noun,अभिव्यक्ति
Tinderbox,noun,विस्फोटक स्थिति
Escalating,adjective,बढ़ता हुआ
Displace,verb,विस्थापित करना
Endanger,verb,खतरे में डालना
Attribute (to),verb,श्रेय देना
Severity,noun,गंभीरता
Grapple (with),verb,जूझना
Harsh,adjective,कठोर
Prolonged,adjective,लंबा खिंचा हुआ
Precipitation,noun,वर्षा
Conducive (to),adjective,सहायक
Adapt (to),verb,ढालना
Mounting,adjective,बढ़ता हुआ
Downplay,verb,कम करके आंकना
Roll back,phrasal verb,वापस लेना
Wakeup call,phrase,चेतावनी संकेत
Play havoc,phrase,तबाही मचाना
Economic gain,noun,आर्थिक लाभ
Back home,phrase,स्वदेश में
Immune (to),adjective,प्रतिरक्षित
Induce,verb,उत्पन्न करना
Ignition,noun,प्रज्वलन
Flammable,adjective,ज्वलनशील
Underbrush,noun,झाड़ियां
Greenhouse gas emission,noun,ग्रीनहाउस गैस उत्सर्जन
Afforestation,noun,वनरोपण
Hold accountable for,phrase,जिम्मेदार ठहराना
Guardrail,noun,सुरक्षा उपाय
Strike the right balance,phrase,सही संतुलन बनाना
Comply (with),verb,अनुपालन करना
Post-facto,adjective,घटना के बाद
Go out of its way,phrase,अतिरिक्त प्रयास करना
Strike down,phrasal verb,रद्द करना
Admonish,verb,फटकारना
Dilute,verb,पतला/कमजोर करना
Hold,verb,"मानना, निर्णय देना"
Jurisprudence,noun,न्यायशास्त्र
Anathema,noun,घृणित वस्तु
Laxity,noun,ढिलाई
Precipitate,verb,जल्दबाजी में करा देना
Quarry,noun,खदान
Draw attention,phrase,ध्यान आकर्षित करना
Diligence,noun,परिश्रम
Binary,noun,द्विआधारी
Pay short shrift,phrase,जल्दबाजी में निपटाना
Zero-sum game,noun,शून्य-योग खेल
Eagerly,adverb,उत्सुकता से
Outing,noun,बाहरी यात्रा
White,noun,"गोरा, सफेद"
Veteran,noun,अनुभवी
Chagrin,noun,निराशा
Legion,noun,बड़ी संख्या
Exaggeration,noun,अतिशयोक्ति
Magnet,noun,आकर्षण केंद्र
Onslaught,noun,प्रचंड आक्रमण
Inherit,verb,विरासत में पाना
Bloom,verb,फलना-फूलना
Classicism,noun,परंपरावाद
Bestow (on),verb,प्रदान करना
Orthodox,noun,रूढ़िवादी
Slam-bang,noun,"जोरदार, धमाकेदार"
Immensely,adverb,अत्यधिक
Expansive,adjective,विस्तृत
Draw,verb,आकर्षित करना
Horde,noun,भीड़
Brood (on),verb,गहराई से सोचना
Cushion,noun,सुरक्षा कवच
Lure,verb,लुभाना
Stand at a pedestal,phrase,ऊंचे स्थान पर रखना
The Delhi batsman,noun,दिल्ली का बल्लेबाज़
Hardly,adverb,मुश्किल से
Fall back upon,phrase,सहारा लेना
Daunting,adjective,कठिन/डरावना
Find one’s footing,phrase,स्थिरता पाना
Arena,noun,क्षेत्र
Reflection (on),noun,विचार-विमर्श
Prudence,noun,विवेक
Painstakingly,adverb,बड़ी मेहनत से
Bring up,phrasal verb,पालन-पोषण करना
Ingrain,verb,गहराई से बैठाना
Psyche,noun,मानस
Reproach,noun,फटकार
Hold on,phrasal verb,"रुको, टिके रहो"
At crossroads,phrase,निर्णायक मोड़ पर
Rapid,adjective,तेज़
Harmonious,adjective,सामंजस्यपूर्ण
Vitriolic,adjective,अत्यंत कटु
Diatribe,noun,कटु आलोचना
Nonplussed,adjective,"चकित, असमंजस में"
Profuse,adjective,अत्यधिक
Expedient,adjective,सुविधाजनक
Murky,adjective,"अस्पष्ट, धुंधला"
Derogatory,adjective,अपमानजनक
Condominium,noun,फ्लैट
At times,phrase,कभी-कभी
Indignant,adjective,क्रोधित
Turn out to be,phrase,साबित होना
Narrate,verb,वर्णन करना
Flair,noun,स्वाभाविक प्रतिभा
Pitch in,phrasal verb,योगदान देना
Timid,adjective,डरपोक
Anguish,noun,पीड़ा
Debate,verb,बहस करना
Unanimous,adjective,सर्वसम्मत
Bully,noun,गुंडा
Anti–dumping duty,noun,डंपिंग-रोधी शुल्क
Imposition,noun,थोपना
Friction,noun,टकराव
Ballooning,adjective,तेज़ी से बढ़ता हुआ
Predatory pricing,noun,प्रतिस्पर्धियों को हटाने वाली कीमत नीति
Allegedly,adverb,कथित रूप से
Unprecedented,adjective,अभूतपूर्व
Provisional,adjective,अस्थायी
Inflate,verb,बढ़ा-चढ़ा कर बताना
Counteract,verb,प्रतिकार करना
Circumvent,verb,बचना
Window,noun,अवसर की अवधि
Widen,verb,बढ़ाना
Self–sufficiency,noun,आत्मनिर्भरता
Gender disparity,noun,लैंगिक असमानता
Token,adjective,प्रतीकात्मक
Sprinkle,noun,थोड़ा-थोड़ा डालना
Barely,adverb,मुश्किल से
Stride,verb,"प्रगति, कदम"
Epochal,adjective,युगांतरकारी
Outnumber,verb,संख्या में अधिक होना
Discipline,noun,अनुशासन/विषय
Apt,adjective,उपयुक्त
Coax,verb,मना लेना
Pathbreaker,noun,अग्रदूत
Baulk (at),verb,विरोध करना
Ring (in),verb,स्वागत करना (नए साल का)
Spectator,noun,दर्शक
Disastrous,adjective,विनाशकारी
Nose ahead,phrase,थोड़ा आगे निकलना
Limitation,noun,सीमा
Perceptual set,noun,धारणा का ढांचा
Lead,to,बढ़त
Cognitive,adjective,बौद्धिक
Apparatus,noun,उपकरण तंत्र
Mute,verb,मौन
Discordant,adjective,बेमेल
Cortex,noun,बाहरी परत
Mediate,verb,मध्यस्थता करना
Neural,adjective,तंत्रिका संबंधी
Transmit,verb,संचारित करना
Infill,noun,भराई
Modality,noun,"प्रणाली, तरीका"
Glean,verb,जानकारी बटोरना
Self-propagating,adjective,स्वयं प्रसारित होने वाला
Paradoxically,adverb,विरोधाभासी रूप से
Lend,verb,प्रदान करना
Credibility,noun,विश्वसनीयता
Fraught,with,समस्याओं से भरा
Peril,noun,खतरा
Undercurrent,noun,छिपा हुआ भाव
Blur,verb,धुंधला होना
Garnish,verb,सजाना
Topping,noun,ऊपर से डाली गई सामग्री
Be the recipe for something,phrase,का कारण बनना
Appraisal,noun,मूल्यांकन
Ironically,adverb,विडंबना यह है कि
Devil's advocate,noun,विरोधी दृष्टिकोण रखने वाला
Dividend,noun,लाभांश
Negate,verb,निरस्त करना
Premise,noun,"आधार, मान्यता"
Of sorts,phrase,एक प्रकार का
Kicking in,noun,प्रभावी होना शुरू होना
Instinctive,adjective,"सहज, स्वाभाविक"
Impulsive,adjective,आवेगी
Suffuse,with,व्याप्त कर देना
Deliberation,noun,विचार-विमर्श
Subservient,to,अधीनस्थ
Self-indulgent,adjective,आत्म-भोगी
Err,verb,गलती करना
In the eye of a storm,phrase,विवाद के केंद्र में
Neighbour,noun,पड़ोसी
Tuber,noun,कंद
At the root of,phrase,मूल कारण
Go back a long way,phrase,लंबे समय से जुड़ा होना
Pop up,phrasal verb,अचानक आ जाना
Precede,verb,पहले होना
Melt-in-the-mouth,phrase,मुंह में घुल जाने वाला
Accompaniment,noun,साथ की चीज़
Fluffy,adjective,"मुलायम, फूला हुआ"
Debt,noun,कर्ज
Credit,verb,श्रेय देना
Fluff up,phrasal verb,फुलाना
Copious,adjective,प्रचुर
Delicacy,noun,स्वादिष्ट व्यंजन
Set off,phrasal verb,शुरू करना
Subtext,noun,अंतर्निहित अर्थ
Belt,noun,"पट्टा, क्षेत्र"
Hardiness,noun,"कठोरता, सहनशीलता"
Famine,noun,अकाल
Hoarding,noun,जमाखोरी
Potato peel,noun,आलू का छिलका
Rice gruel,noun,चावल का पतला दलिया
Subsistence,noun,जीवन-निर्वाह
Spawn,verb,जन्म देना
Root-to-stem economising,noun,पूरी सब्ज़ी का उपयोग कर बचत
Breather,noun,राहत
Cheer,verb,जयकार करना
On the back of,phrase,के बल पर
Ratchet up,phrasal verb,बढ़ाना
Back down,phrasal verb,पीछे हटना
War-footing,noun,युद्ध स्तर पर
Heavy-handed,adjective,कठोरतापूर्वक
Succeed in,phrasal verb,में सफल होना
Come to the table,phrase,बातचीत शुरू करना
Seemingly,adverb,प्रतीत होता है
Uncertainties,noun,अनिश्चितताएं
Lose one’s sheen,phrase,चमक खोना
Two-fold,adjective,दोहरा
Scalable,adjective,विस्तारणीय
Regardless of,phrase,की परवाह किए बिना
Sensible,adjective,समझदार
Indifference,noun,उदासीनता
Indifferent,adjective,उदासीन
Apathy,noun,उदासीनता
Hatred,noun,घृणा
Irksome,adjective,कष्टप्रद
Subsume,verb,शामिल कर लेना
Sorrow,noun,दुख
Powerlessness,noun,असहायता
Commandment,noun,आदेश
Verse,noun,पद्य
Echo,noun,प्रतिध्वनि
Malice,noun,द्वेष
Egotism,noun,आत्ममुग्धता
Equipoise,verb,संतुलन
Distress,noun,पीड़ा
Content,adjective,संतुष्ट
Steadily,adverb,लगातार
Firm,adjective,"दृढ़, कंपनी"
Reckon,verb,अनुमान लगाना
Underestimate,noun,कम आंकना
Malignancy,noun,घातकता
Equip (with),verb,सुसज्जित करना
Vary,verb,भिन्न होना
Oncologist,noun,कैंसर विशेषज्ञ
For starters,phrase,सबसे पहले
Upscale,verb,उच्च स्तरीय
Come forward,phrase,आगे आना
Diagnostic,adjective,निदानात्मक
Policymaker,noun,नीति निर्माता
Expertise,noun,विशेषज्ञता
Taxing,adjective,थकाने वाला
Telehealth,noun,दूरस्थ स्वास्थ्य सेवा
Deficit,noun,घाटा
Anchor,noun,लंगर
In disgust,phrase,घृणा से
Squawk,verb,कर्कश आवाज़ करना
Shade,verb,"छाया, रंगत"
Mutter,verb,बड़बड़ाना
Poke up,phrasal verb,बाहर निकालना
Trail off,phrasal verb,धीरे-धीरे मंद पड़ना
Lay,verb,रखना
Mast,noun,मस्तूल
Pounce,verb,झपट्टा मारना
Deck,noun,जहाज़ का डेक
Shook out,phrasal verb,झाड़ दिया
Stick out,phrasal verb,बाहर निकलना
Squash,verb,कुचलना
Stuff,verb,सामान
Glass case,noun,कांच का बक्सा
Admire,verb,प्रशंसा करना
Drowsy,adjective,नींद से भरा
Lurch,verb,लड़खड़ाना
Bunk,noun,सोने की चारपाई
Bleary-eyed,adjective,थकी आँखों वाला
Lay on one’s side,phrase,करवट लेकर लेटना
Droop,verb,झुक जाना
Prick,verb,चुभन
Float,verb,तैरना
Mighty,adjective,शक्तिशाली
Splash,noun,छींटा
Look down on,phrase,तुच्छ समझना
Swam off,phrasal verb,तैरकर दूर चला गया
Come to the conclusion,noun,निष्कर्ष निकालना
Concentrated (in),adjective,केंद्रित
Finding,noun,निष्कर्ष
Definitive,adjective,निर्णायक
The cutting edge,noun,अत्याधुनिक स्तर
Venture (into),verb,में कदम रखना
Fruitful,adjective,फलदायी
Anecdotal,adjective,किस्सागत
Reverse,verb,उलटना
The brain drain,noun,प्रतिभा पलायन
Hands-off approach,noun,गैर-हस्तक्षेप की नीति
Push (for),noun,जोर देना
Indigenisation,noun,स्वदेशीकरण
Red tape,noun,नौकरशाही की बाधा
Ideal,adjective,आदर्श
(be) Supposed (to),adjective,अपेक्षित होना
Extremism,noun,अतिवाद
Receptive,adjective,ग्रहणशील
Designate,verb,नामित करना
Backing,noun,समर्थन
Chair,verb,अध्यक्षता करना
Flagship,adjective,"प्रमुख, अग्रणी"
Sovereign,adjective,संप्रभु
Resurgence,noun,पुनरुत्थान
Heckle,verb,टोका-टाकी करना
Lodge,verb,दर्ज करना
Lacklustre,adjective,फीका
Allegation,noun,आरोप
Sympathizer,noun,सहानुभूति रखने वाला
Plot,noun,षड्यंत्र
Incline,verb,झुकाव
By and large,phrase,आमतौर पर
Cohesive,adjective,एकजुट
Diaspora,noun,प्रवासी समुदाय
Add fuel to the fire,phrase,स्थिति बिगाड़ना
Slapping,noun,थोप देना
Strike,verb,हड़ताल
Reciprocal tariff,noun,पारस्परिक शुल्क
Supposedly,adverb,माना जाता है कि
Asymmetry,noun,असंतुलन
Explicitly,adverb,स्पष्ट रूप से
Blanket,adjective,व्यापक
Take on,phrasal verb,जिम्मेदारी लेना
Digest,verb,समझना
Be at the receiving end,phrase,परिणाम भुगतना
Apparent,adjective,स्पष्ट
Levy (on),verb,कर लगाना
Facilities,noun,सुविधाएं
Get around,phrasal verb,बचाव का रास्ता निकालना
Worsen,verb,और बिगड़ना
Make up,phrasal verb,पूरा करना
Devaluation,noun,अवमूल्यन
Shut out,phrasal verb,बाहर रखना
Beggar-thy-neighbour measure,noun,पड़ोसी को नुकसान पहुंचाने वाली नीति
The negotiating table,phrase,बातचीत की मेज़
Revert (to),verb,वापस लौटना
Protectionism,noun,संरक्षणवाद
Cess,noun,उपकर
Beacon,noun,मार्गदर्शक
Macroeconomic,adjective,समष्टि आर्थिक
Fondly (at),adverb,स्नेह से
Rush,verb,तेज़ी से जाना
Indulge,verb,लिप्त होना
Moderation,noun,संयम
Nod,verb,स्वीकृति देना
Absentmindedly,adverb,अनमने ढंग से
Tiptoe,verb,पंजों के बल चलना
Bite,verb,काटना
Crisps,noun,चिप्स
Exclaim,verb,चिल्ला कर कहना
Furiously,adverb,गुस्से में
Nutty,adjective,मेवे जैसा स्वाद
Stare,verb,घूरना
Enviously,adverb,ईर्ष्या से
Half-heartedly,adverb,अनमने ढंग से
Famished,adjective,बहुत भूखा
Glance (at),verb,सरसरी निगाह डालना
Longingly,adverb,तड़प के साथ
Yacht-shaped,adjective,नौका के आकार का
Affectionately,adverb,स्नेहपूर्वक
Shriek,verb,चीखना
Coming of age,phrase,परिपक्व होना
Spectacle,noun,"तमाशा, दृश्य"
Debut,verb,पदार्पण करना
Juggernaut,noun,अजेय शक्ति
Clout,noun,प्रभाव
Sheer,adjective,"पूर्ण, केवल"
Ardent,adjective,उत्साही
Defending champion,noun,मौजूदा विजेता
Amplify,verb,बढ़ाना
Culminate,verb,समाप्त होना
Criss-cross,verb,बार-बार आना-जाना
Supremacy,noun,वर्चस्व
Elsewhere,adverb,कहीं और
Freelance player,noun,स्वतंत्र खिलाड़ी
Surrogate advertising,noun,छद्म विज्ञापन
Gateway,noun,प्रवेश द्वार
Escalator,noun,एस्केलेटर
Launch pad,noun,प्रक्षेपण मंच
Once-daunting,adjective,जो पहले कठिन लगता था
Diminish,verb,कम होना
Longevity,noun,दीर्घायु
Hallmark,noun,विशिष्ट पहचान
Inception,noun,आरंभ
Go awry,phrase,गड़बड़ हो जाना
Enigmatic,adjective,रहस्यमय
Lethal,adjective,घातक
Eager,adjective,उत्सुक
Full-fledged,adjective,पूर्ण रूप से विकसित
Federalism,noun,संघवाद
Dialogue,noun,संवाद
Aggregate,verb,एकत्र करना
Dropout,noun,स्कूल छोड़ने वाला
Literacy,noun,साक्षरता
Devolution,noun,अधिकार हस्तांतरण
Long-standing,adjective,पुराना
Flashpoint,noun,विवाद का मुख्य बिंदु
Comparative,adjective,तुलनात्मक
Lens,noun,दृष्टिकोण
Disparity,noun,असमानता
Contentious,adjective,विवादास्पद
Delimitation,noun,सीमांकन
Federal structure,noun,संघीय ढांचा
Equitably,adverb,न्यायसंगत ढंग से
Narrow,verb,संकीर्ण
Polarised,adjective,ध्रुवीकृत
Breed,verb,उत्पन्न करना
Discontent,noun,असंतोष
Parochial,adjective,संकुचित सोच वाला
Root (in),verb,आधारित होना
Panacea,noun,रामबाण उपाय
Landmark,adjective,"ऐतिहासिक, महत्वपूर्ण"
Affirm,verb,पुष्टि करना
Intrinsic,adjective,अंतर्निहित
Club,verb,एक साथ शामिल करना
Far-sighted,adjective,दूरदर्शी
Entail,verb,आवश्यक करना
Enabler,noun,सहायक
Exercise,verb,प्रयोग करना
The Starkest,noun,सबसे स्पष्ट
Boast,verb,डींग मारना
Swathe,noun,विस्तृत क्षेत्र
Non-existent,adjective,अस्तित्वहीन
Digital divide,noun,डिजिटल विभाजन
Marginalisation,noun,हाशिए पर धकेलना
Scale up,phrasal verb,विस्तार करना
Bottleneck,noun,बाधा
Hollow,adjective,खोखला
Grassroots,noun,जमीनी स्तर
Advance,verb,आगे बढ़ाना
Conferment,noun,प्रदानगी
Ascension,noun,उन्नयन
Give room to,phrase,गुंजाइश देना
Apprehension,noun,आशंका
Reiterate,verb,दोहराना
Permit,verb,अनुमति देना
Rationale,noun,औचित्य
Arrangement,noun,व्यवस्था
Dispel,verb,दूर करना
Vexatious,adjective,परेशान करने वाला
Meaning,noun,अर्थ
In pursuit of,phrase,की खोज में
Legitimate,adjective,वैध
Provincial,adjective,प्रांतीय
War-torn,adjective,युद्धग्रस्त
Play the role of,phrase,की भूमिका निभाना
Dispassionate,adjective,निष्पक्ष
Public distribution system (PDS),noun,सार्वजनिक वितरण प्रणाली
Admission,noun,स्वीकृति
Beneficiary,noun,लाभार्थी
Argument,noun,तर्क
Census,noun,जनगणना
Ring hollow,phrase,खोखला लगना
In the face of,phrase,के बावजूद
Staple grain,noun,मुख्य अनाज
Inadequacy,noun,अपर्याप्तता
Estimate,noun,अनुमान लगाना
Bureaucratic,adjective,नौकरशाही संबंधी
Inertia,noun,जड़ता
Seashore,noun,समुद्र तट
Tempt (to),verb,लुभाना
Sigh,noun,आह भरना
Annoyance,noun,झुंझलाहट
Nuisance,noun,उपद्रव
Scold,verb,डांटना
Anxiously,adverb,चिंतापूर्वक
Ashamed (of),adjective,शर्मिंदा
Fall ill,phrase,बीमार पड़ना
Writhe,verb,छटपटाना
Approach,verb,निकट आना
Tug,verb,खींचना
Summon up,phrasal verb,साहस जुटाना
Shake one’s head,phrase,सिर हिलाना (इनकार में)
By no means,phrase,कतई नहीं
Raw,adjective,"कच्चा, अपरिष्कृत"
Take something by storm,phrase,तेज़ी से लोकप्रिय होना
Heterogeneous,adjective,विविधतापूर्ण
Populous,adjective,घनी आबादी वाला
Sprawling,adjective,फैला हुआ
Employ,verb,नियुक्त करना
Paradigm,noun,प्रतिमान
Conversely,adverb,इसके विपरीत
Position,verb,"स्थिति, पद"
Ingrained,adjective,गहराई से बैठा हुआ
Feasibility,noun,व्यवहार्यता
Commute,noun,यात्रा करना
Congestion,noun,भीड़भाड़
Leisure,noun,फुर्सत
Burnout,noun,थकावट
Absenteeism,noun,अनुपस्थिति
Viable,adjective,व्यवहार्य
Distant,adjective,दूर
Lay the groundwork,phrase,आधार तैयार करना
Pilot program,noun,प्रायोगिक योजना
Scepticism,noun,संदेह
Rebellious,adjective,विद्रोही
Pass the torch,phrase,जिम्मेदारी सौंपना
Strikingly,adverb,उल्लेखनीय रूप से
Remark,noun,टिप्पणी
Irrefutable,adjective,अकाट्य
Carve out,phrasal verb,गढ़ना
Upward mobility,noun,सामाजिक उन्नति
Bold,adjective,साहसी
Conformity,noun,अनुरूपता
Prestige,noun,प्रतिष्ठा
Hustle,noun,कड़ी मेहनत करना
Adaptability,noun,अनुकूलनशीलता
Dare,verb,साहस करना
Pay attention,phrase,ध्यान देना
Shatter,verb,चकनाचूर करना
Label,verb,लेबल लगाना
Digital bootcamp,noun,डिजिटल प्रशिक्षण शिविर
Confine (to),verb,सीमित रखना
Empathetic,adjective,सहानुभूतिपूर्ण
Upheaval,noun,उथल-पुथल
Thrive (in),verb,फलना-फूलना
Factor in,phrasal verb,गणना में शामिल करना
Trans people,noun,ट्रांस लोग
In the backdrop,phrase,पृष्ठभूमि में
Decimation,noun,विनाश
Polarise,verb,ध्रुवीकृत करना
Unanimously,adverb,सर्वसम्मति से
Rule,verb,फैसला सुनाना
Statutory interpretation,noun,कानूनी व्याख्या
Appellant,noun,अपीलकर्ता
Vindicate,verb,सही साबित करना
Entitle,verb,अधिकार देना
Backlash,noun,प्रतिक्रिया
Make the point,phrase,बात स्पष्ट करना
Unisex,adjective,स्त्री-पुरुष दोनों के लिए
Earmark,verb,आरक्षित करना
Hold true,phrase,सत्य होना
Aquatic,noun,जलीय गतिविधि
Stricture,noun,कठोर आलोचना
Trumpled,adjective,कुचल दिया गया
Safe haven,noun,सुरक्षित ठिकाना
Bullion,noun,सोने की छड़ें
Rally,noun,"उभरना, जुटना"
Stabilise,verb,स्थिर करना
Slacken,verb,धीमा पड़ना
Disinclination,noun,अनिच्छा
Hold on to,phrase,पकड़े रहना
Appreciating,adjective,मूल्य बढ़ता हुआ
Run out of breath,phrase,सांस फूल जाना
Anticipate,verb,पूर्वानुमान लगाना
Downside risk,noun,गिरावट का जोखिम
Unwind,verb,आराम करना
Speculative,adjective,अटकलबाज़ी वाला
Future market,noun,वायदा बाज़ार
Plateauing,noun,स्थिर हो जाना
Overly,adverb,अत्यधिक
De-dollarise,verb,डॉलर निर्भरता घटाना
Genetic sequence,noun,आनुवंशिक अनुक्रम
Instance,noun,उदाहरण
Detection,noun,पहचान
Transmission,noun,संचरण
Spillover,noun,प्रभाव फैलना
Acute encephalitis syndrome (AES),noun,मस्तिष्क ज्वर रोग
Acute respiratory distress syndrome (ARDS),noun,गंभीर श्वसन रोग
Surrogate,noun,स्थानापन्न
Immaterial,adjective,अप्रासंगिक
Cerebrospinal fluid,noun,मस्तिष्कमेरु द्रव
Swab sample,noun,स्वैब नमूना
Strain,noun,वायरस/जीवाणु का प्रकार
Multisystemic,adjective,बहु-तंत्रीय
Endow (with),verb,प्रदान करना
Thorough,adjective,गहन
Compulsion,noun,मजबूरी
Fruit bat,noun,फल चमगादड़
Overemphasise,verb,अत्यधिक जोर देना
Base effect,noun,आधार प्रभाव
Shrinking,adjective,सिकुड़ता हुआ
Simultaneous,adjective,समवर्ती
Hold back on,phrase,रोक कर रखना
Set (to),verb,तैयार
Ambitious,adjective,महत्वाकांक्षी
Free trade agreement (FTA),noun,मुक्त व्यापार समझौता
Outreach,noun,जन-संपर्क
Looming,adjective,मंडराता हुआ
Unsettle,verb,अस्थिर करना
Fiscal year,noun,वित्तीय वर्ष
Plunge,noun,तेज़ी से गिरना
Dampen,verb,कम करना
Invasion,noun,आक्रमण
Neutralise,verb,निष्प्रभावी करना
Trade imbalance,noun,व्यापार असंतुलन
Hold your horses,phrase,धैर्य रखो
Smidgen,noun,बहुत थोड़ा
Take precedence,noun,प्राथमिकता होना
Money market,noun,मुद्रा बाज़ार
Cash reserve ratio (CRR),noun,नकद आरक्षित अनुपात
Quake,noun,भूकंप
Desirable,adjective,वांछनीय
Mildly,adverb,हल्के ढंग से
Liquidity tighten,verb,तरलता कड़ी होना
FX swap,noun,विदेशी मुद्रा अदला-बदली
Crunch,noun,संकट
Heave-ho,noun,जोर लगाकर हटाना
Quantify,verb,मात्रा में मापना
Treasury desk,noun,कोषागार डेस्क
Flipping position,noun,स्थिति उलटना
Liquidity window,noun,तरलता सुविधा
OMO (open market operation),noun,खुला बाज़ार परिचालन
Jolly delay,phrase,मामूली देरी
Rein in,phrasal verb,नियंत्रण में रखना
Going forward,phrase,आगे चलकर
Willows,noun,विलो पेड़
Skewed,adjective,असंतुलित
Elusive,adjective,मायावी
Whereby,adverb,जिससे
Mediocre,adjective,सामान्य स्तर का
Hail,verb,"स्वागत करना, सराहना करना"
Blatant,adjective,स्पष्ट रूप से
Dye,noun,रंगना
Homo sapiens,noun,मानव प्रजाति
Spate,noun,श्रृंखला (घटनाओं की)
De-fatten,verb,मोटाई कम करना
Presumptuous,adjective,अहंकारपूर्ण
Maniac,adjective,उन्मादी व्यक्ति
Byproduct,noun,उपोत्पाद
Fence,noun,बाड़ लगाना
Checks,noun,नियंत्रण
Prowess,noun,पराक्रम
Upstart,noun,नया उभरा व्यक्ति
Spiral,verb,बढ़ते जाना (चक्रीय ढंग से)
Discreetly,adverb,सावधानी से
Syndicate,noun,"संघ, गिरोह"
Prevalent,adjective,प्रचलित
Proxy war,noun,छद्म युद्ध
Worldwide,adjective,विश्वव्यापी
Naxalism,noun,नक्सलवाद
Sensitivity,noun,संवेदनशीलता
De-addiction,noun,नशा मुक्ति
Humanitarian,adjective,मानवीय
Ground,noun,"आधार, ज़मीन"
Coordination,noun,समन्वय
Evil,noun,बुराई
Seizure,noun,जब्ती
Threshold,noun,"सीमा, दहलीज़"
Bid goodbye to,phrase,विदा लेना
Guffawing,noun,ठहाका लगाना
Prowling,noun,घात लगाकर घूमना
Far-flung,adjective,दूरस्थ
Outpost,noun,चौकी
Bristle,verb,उत्तेजित होना
Draw in,phrasal verb,आकर्षित करना
Ride the crest of the wave,phrase,उफान पर होना
Notch,verb,"स्तर, पायदान"
Refined,adjective,परिष्कृत
Splendour,noun,वैभव
Stroke,noun,"स्पर्श, दौरा"
Fusion,noun,मिश्रण
Modernity,noun,आधुनिकता
Thesis,noun,शोध प्रबंध
Infectious,adjective,संक्रामक
Burst forth,phrasal verb,अचानक उभरना
Existential,adjective,अस्तित्व संबंधी
Pang,noun,तीव्र पीड़ा
Forsake,verb,त्याग देना
Rigour,noun,कठोरता
Lucre,noun,धन-लोभ
Gratification,noun,संतुष्टि
Walk the talk,phrase,कथनी को करनी में बदलना
Primacy,noun,प्रधानता
Endorse,verb,समर्थन करना
Implore,verb,गिड़गिड़ाना
Vociferous,adjective,मुखर
Flock (to),verb,झुंड में आना
Emptiness,noun,खालीपन
Heir-apparent,noun,उत्तराधिकारी
Immaculate,adjective,"बेदाग, त्रुटिहीन"
Successor,noun,उत्तराधिकारी
Tribute,noun,श्रद्धांजलि
Unblinking,adjective,अपलक
Forecast,noun,पूर्वानुमान
Monetary policy committee,noun,मौद्रिक नीति समिति
Soften,verb,नरम पड़ना
Deflation,noun,मुद्रा-अपस्फीति
Adverse,adjective,प्रतिकूल
Core inflation,noun,मूल मुद्रास्फीति
Muted,adjective,दबा हुआ
Recreation,noun,मनोरंजन
Amusement,noun,मनोरंजन
Repo rate,noun,रेपो दर
The odds,noun,संभावना
Peg,verb,निर्धारित करना
Dynamic,noun,गतिशील प्रक्रिया
Get away,phrasal verb,बच निकलना
Brutal,adjective,क्रूर
Chokehold,noun,मजबूत नियंत्रण
To the brink of,phrase,की कगार पर
Starvation,noun,भुखमरी
Ally,noun,सहयोगी
Displeasure,noun,नाराज़गी
Rebuke,noun,फटकारना
Operative,noun,"प्रभावी, कार्यरत"
Vacate,verb,खाली करना
Provoke,verb,उकसाना
Pledge,verb,प्रतिज्ञा
Escalation,noun,"वृद्धि, तेज़ी"
Bombardment,noun,बमबारी
Disproportionate,adjective,असंगत
Evict,verb,बेदखल करना
Vow,verb,शपथ लेना
Check,verb,नियंत्रित करना
Speak up,phrasal verb,खुलकर बोलना
Thus far,phrasal verb,अब तक
Preoccupation,noun,"व्यस्तता, चिंता"
Equivalence,noun,समतुल्यता
Incessant,adjective,अविराम
Depredation,noun,विनाश
Barbarism,noun,बर्बरता
The latter,noun,बाद वाला
The former,noun,पहले वाला
Keeping up with the Joneses,phrase,दूसरों की बराबरी करने की होड़
Elegant,adjective,सुरुचिपूर्ण
Mansion,noun,आलीशान इमारत
Outdo,verb,पीछे छोड़ देना
Ornate,adjective,अलंकृत
Extravagant,adjective,अत्यधिक खर्चीला
Estate,noun,संपत्ति
Give rise to,phrase,जन्म देना
Neighbourhood,noun,पड़ोस
Ceiling,noun,ऊपरी सीमा
Cost,verb,लागत
Fortune,noun,"भाग्य, बड़ी धनराशि"
Beam,verb,चमकना
Pricey,adjective,महंगा
Top notch,adjective,उत्कृष्ट
Envious,adjective,ईर्ष्यालु
Ecstatic,adjective,अति प्रसन्न
Short lived,adjective,अल्पकालिक
Fade,verb,धुंधला पड़ना
Overshadowed,adjective,प्रभावहीन कर दिया गया
Immense,adjective,विशाल
Portray,verb,चित्रित करना
Vacation,noun,छुट्टी
Flaunt,verb,दिखावा करना
Peer pressure,noun,साथियों का दबाव
Consumerism,noun,उपभोक्तावाद
Commercialization,noun,व्यावसायीकरण
Façade,noun,ऊपरी दिखावा
Anxiety,noun,चिंता
Quinquennial,adjective,पांच वर्षीय
Salutary,adjective,लाभदायक
Evaluation,noun,मूल्यांकन
Scarce,adjective,दुर्लभ
Demonetisation,noun,विमुद्रीकरण
Revamp,verb,फिर से बनाना
Enlarged,adjective,विस्तृत
Representativeness,noun,प्रतिनिधित्व
Align (to),verb,समायोजित करना
Statistics,noun,आंकड़े
Methodology,noun,पद्धति
Non-negotiable,adjective,अपरिवर्तनीय
Worrisome,adjective,चिंताजनक
Pertain (to),verb,से संबंधित होना
Path-breaking,adjective,अभूतपूर्व
Baulk,verb,हिचकिचाना
Hesitate,verb,हिचकिचाना
Genome sequence,noun,जीनोम अनुक्रम
Assured,adjective,आश्वस्त
Disagreement,noun,असहमति
Reminiscent (of),adjective,की याद दिलाने वाला
Turn the spotlight on,phrase,ध्यान केंद्रित करना
Inequitable,adjective,अन्यायपूर्ण
To the fore,phrase,"आगे, सामने"
Stockpile,verb,भंडार जमा करना
Sort out,phrasal verb,सुलझाना
Centre around,phrasal verb,केंद्रित होना
Know-how,noun,तकनीकी ज्ञान
Greenlight,noun,मंजूरी देना
Decarbonisation,noun,कार्बन उत्सर्जन में कमी
Roll out,phrasal verb,शुरू करना
Integrated,adjective,एकीकृत
Green transition,noun,हरित बदलाव
Power,verb,"ऊर्जा, शक्ति"
Equip,verb,सुसज्जित करना
Resource-adequacy,adjective,संसाधन पर्याप्तता
Viability,noun,व्यवहार्यता
Discom,noun,बिजली वितरण कंपनी
Unviable,adjective,अव्यवहार्य
Efficient,adjective,कुशल
Formidable,adjective,"दुर्जेय, कठिन"
Jeopardise,verb,खतरे में डालना
Index of Industrial Production (IIP),noun,औद्योगिक उत्पादन सूचकांक
Dip,noun,गिरावट
Barometer,noun,संकेतक
Cyclically,adverb,चक्रीय रूप से
Lag,verb,पिछड़ना
Degrowth,noun,नकारात्मक विकास
Consumer non-durable,noun,अल्पकालिक उपभोक्ता वस्तुएं
Contrast,verb,तुलना करना
Consumer durable,noun,टिकाऊ उपभोक्ता वस्तुएं
Lingering,adjective,बना रहने वाला
Food inflation,noun,खाद्य मुद्रास्फीति
Retail inflation,noun,खुदरा मुद्रास्फीति
Impetus,noun,प्रोत्साहन
Quadruple,verb,चार गुना
Fortify,verb,मजबूत करना
Chorus,verb,एक स्वर में कहना
Tech-savvy,adjective,तकनीक में दक्ष
Lament,verb,शोक व्यक्त करना
Follow one’s example,phrase,अनुसरण करना
Set an example,phrase,उदाहरण प्रस्तुत करना
Storm off,phrasal verb,गुस्से में चले जाना
Bedridden,adjective,बिस्तर पर पड़ा
Engross in,phrasal verb,में लीन
Frantically,adverb,बेतहाशा
In unison,phrase,"एक साथ, तालमेल से"
Promptly,adverb,तुरंत
Pull out,phrasal verb,निकाल लेना
Snatch,verb,छीन लेना
Restrain,verb,रोकना
Occupy,verb,कब्जा करना
Displaced,adjective,विस्थापित
Siege,noun,घेराबंदी
Dire,adjective,"गंभीर, भयावह"
Reservist,noun,आरक्षित सैनिक
Reduce to rubble,phrase,मलबे में बदल देना
Makeshift,adjective,अस्थायी
Assault,noun,हमला
Passively,adverb,निष्क्रिय रूप से
Callous,adjective,निर्दयी
Inhumane,adjective,अमानवीय
Consistent,adjective,सुसंगत
Empty out,phrasal verb,खाली करना
Carte blanche,noun,पूर्ण स्वतंत्रता
Restraint,noun,संयम
Grave,adjective,गंभीर
Withdrawal,noun,वापसी
Hand over,phrasal verb,सौंप देना
Pull-back,noun,वापसी
Resumption,noun,पुनरारंभ
Deal a blow,phrase,नुकसान पहुँचाना
Moral,noun,नैतिक
Displacement,noun,विस्थापन
Cordial,adjective,सौहार्दपूर्ण
Meaningless,adjective,अर्थहीन
Brotherhood,noun,भाईचारा
Reassert,verb,फिर से जोर देना
Expropriation,noun,जबरन अधिग्रहण
Hijacking,adjective,अपहरण
Ponder over,phrasal verb,गहराई से सोचना
Treacherously,adverb,विश्वासघात से
Desirous,adjective,इच्छुक
Offer lip service,phrase,केवल दिखावटी समर्थन देना
Altar,noun,वेदी
Denounce,verb,निंदा करना
Pass key,noun,मास्टर चाबी
Rob (of),verb,छीन लेना
Perilous,adjective,खतरनाक
Wrenching,adjective,हृदयविदारक
Stereotypical,adjective,रूढ़िवादी
Conception,noun,धारणा
Comprehend,verb,समझना
Humankind,noun,मानव जाति
Long,verb,तरसना
Judaism,noun,यहूदी धर्म
Beat their swords into ploughshares,noun,युद्ध को शांति में बदलना
Spear,noun,भाला
Pruning hooks,noun,छंटाई के हुक
Pillar,noun,स्तंभ
Social order,noun,सामाजिक व्यवस्था
Uncharted,adjective,"अज्ञात, अन्वेषित न किया गया"
On the eve of,phrase,की पूर्व संध्या पर
Baton,noun,जिम्मेदारी सौंपना
Leap of faith,phrase,बिना प्रमाण के भरोसा करना
Cast a shadow on,phrase,छाया डालना
Ace,adjective,माहिर खिलाड़ी
Trump card,noun,निर्णायक पत्ता
Consternation,noun,घबराहट
Camp,noun,"गुट, शिविर"
Find one’s feet,phrase,स्थिरता पाना
Depleted,adjective,समाप्त
Plug gap,phrasal verb,कमी पूरी करना
Carry out,phrasal verb,पूरा करना
Tentatively,adverb,अस्थायी रूप से
Disbursement,noun,वितरण
Put together,phrasal verb,"एकत्र करना, तैयार करना"
Underestimation,noun,कम आकलन
Criticise,verb,आलोचना करना
National Account,noun,राष्ट्रीय लेखा
Poverty,noun,गरीबी
Inequality,noun,असमानता
Contend (with),verb,निपटना
Accrue,verb,जमा होना
Extent,noun,सीमा तक
Granular,adjective,"सूक्ष्म, विस्तृत"
Assist,verb,सहायता करना
Descendant,noun,वंशज
Parameter,noun,मापदंड
Exploration,noun,अन्वेषण
Facet,noun,पहलू
Eight Core Industries,noun,आठ प्रमुख उद्योग
Weight,noun,"भार, महत्व"
Comprise (of),verb,शामिल होना
The Index of Industrial Production (IIP),noun,औद्योगिक उत्पादन सूचकांक
Ingredient,noun,घटक
Preceding,adjective,पूर्ववर्ती
Clock,verb,दर्ज करना
Noteworthy,adjective,उल्लेखनीय
Ensuing,adjective,परिणामी
Impairment,noun,"क्षति, दुर्बलता"
Sharpness,noun,तीक्ष्णता
Cause,noun,कारण
Unlikely,adjective,असंभावित
Dial down,phrasal verb,कम करना
Watch out,phrasal verb,सावधान रहना
Place,verb,स्थान
Range,verb,"सीमा, दायरा"
Central (to),adjective,केंद्रीय
Revolution,noun,क्रांति
Peg (at),verb,तय करना
Stare (at),verb,घूरना
Vocal,adjective,मुखर
Push for,phrasal verb,जोर देना
Unjust,adjective,अन्यायपूर्ण
Decadal,adjective,दशकीय
Administer,verb,प्रशासित करना
Underway,adjective,प्रगति में
Stand,verb,रुख अपनाना
At a crossroad,phrase,निर्णायक मोड़ पर
Demographic,adjective,जनसांख्यिकीय
Enumerate,verb,गिनाना
Standing,noun,"प्रतिष्ठा, स्थायी"
Segmentation,noun,विभाजन
Enumeration,noun,गणना
Peninsular,adjective,प्रायद्वीपीय
Criterion,noun,मानक
Redistribution,noun,पुनर्वितरण
In motion,phrase,गतिमान
Insular,adjective,संकीर्णतावादी
Paranoid,adjective,अत्यधिक संदेहग्रस्त
Republic,noun,गणराज्य
Unstated,adjective,अघोषित
Racism,noun,नस्लवाद
Xenophobia,noun,विदेशी-द्वेष
Lead to,verb,परिणाम देना
Argue,verb,तर्क देना
Overstay,verb,अधिक समय तक रुकना
Crack down,phrasal verb,सख्त कार्रवाई करना
Asylum,noun,शरण
Instruct,verb,निर्देश देना
Vet,verb,जांच करना
Erosion,noun,क्षरण
Pluralistic,adjective,बहुलवादी
Ill-founded,adjective,आधारहीन
Fleeing,adjective,भाग रहा
Persecution,noun,उत्पीड़न
Shut someone’s door on,phrase,इनकार कर देना
In general,phrase,सामान्यतः
Turn into,phrasal verb,में बदल जाना
Inclusivity,noun,समावेशिता
Monumental,adjective,"स्मारकीय, विशाल"
Social churn,noun,सामाजिक उथल-पुथल
Oath,noun,शपथ
Patriarchal,adjective,पितृसत्तात्मक
Baseline,noun,आधार रेखा
Govern,verb,शासन करना
Move the needle,phrase,उल्लेखनीय बदलाव लाना
Biases,noun,पूर्वाग्रह
Impunity,noun,दंड से मुक्ति
Unpopular,adjective,अलोकप्रिय
Variant,noun,"प्रकार, संस्करण"
Strife,noun,संघर्ष
To such an extent,phrase,इस हद तक
Reconciliation,noun,सुलह
Compromise,noun,समझौता
Brandish,verb,लहराना
Chauvinist,adjective,कट्टरपंथी
Drown out,phrasal verb,दबा देना
Voice of reason,noun,विवेकपूर्ण राय
Drill,verb,बार-बार अभ्यास कराना
Vengeance,noun,प्रतिशोध
Dilly-dallying,noun,टालमटोल
Patron,noun,संरक्षक
Isolate,verb,अलग करना
Wanton,adjective,"निरंकुश, बेतुका"
Lawlessness,noun,अराजकता
Coerce,verb,मजबूर करना
Offender,noun,अपराधी
Constabulary,noun,पुलिस बल
Coincide (with),verb,एक साथ होना
Volunteer,verb,स्वयंसेवक
Bring someone to justice,phrase,न्याय के कठघरे में लाना
Give in,phrasal verb,हार मान लेना
Stoke,verb,भड़काना
Communal,adjective,सांप्रदायिक
Malefactor,noun,अपराधी
Assert,verb,दृढ़ता से कहना
Rehabilitation,noun,पुनर्वास
Across the lines,phrase,सीमाओं के पार
Check (into),verb,पंजीकरण करना
Bellhop,noun,होटल सेवक
Haunt,verb,सताना
Valley,noun,घाटी
Scare out of one’s wits,phrase,बुरी तरह डरा देना
Nightmare,noun,बुरा सपना
Cautiously,adverb,सावधानीपूर्वक
Inverted,adjective,उल्टा
Kerchief,noun,रूमाल
Screaming,noun,चीखना
With bated breath,phrase,सांस रोककर
Cease,verb,रुकना
Courage,noun,साहस
Payroll,noun,वेतन सूची
Wave out,phrasal verb,हाथ हिलाकर बाहर करना
Cheerfully,adverb,प्रसन्नतापूर्वक
Down with the flu,phrase,फ्लू से बीमार
Horrify,verb,भयभीत करना
Heave a sigh of relief,phrase,राहत की सांस लेना
Brooch,noun,ब्रोच (आभूषण)
Annoy,verb,चिढ़ाना
Amazed,adjective,आश्चर्यचकित
Compete,verb,प्रतिस्पर्धा करना
Commotion,noun,हलचल
Kitten,noun,बिल्ली का बच्चा
Get off,phrasal verb,उतरना
Perch,verb,बैठने का स्थान
Disobey,verb,अवज्ञा करना
Eye well up,phrase,आंखों में आंसू आना
Sullen,adjective,"उदास, चिड़चिड़ा"
Reluctantly,adverb,अनिच्छा से
Break into a smile,phrase,अचानक मुस्कुराना
Cheerful,adjective,प्रसन्न
Set out for,phrase,की ओर निकल पड़ना
Sincerity,noun,ईमानदारी
Please,verb,प्रसन्न करना
Delightful,adjective,आनंददायक
Leap out,phrasal verb,उछलकर बाहर निकलना
Bush,noun,झाड़ी
Deliberately,adverb,जानबूझकर
Draw one’s attention,phrase,ध्यान आकर्षित करना
Furious,adjective,अत्यंत क्रोधित
Swallow,verb,निगलना
Stab,verb,छुरा घोंपना
Gullet,noun,"गला, ग्रासनली"
Frighten,verb,डराना
Spit out,phrasal verb,थूक देना
Bend down,phrasal verb,झुकना
In one’s haste,phrase,जल्दबाज़ी में
Mallet,noun,हथौड़ा
Clad,noun,पहना हुआ
Armour,noun,कवच
Gladly,adverb,खुशी-खुशी
Devoted,adjective,समर्पित
Bustling,adjective,हलचल भरा
Feed,verb,खिलाना
Moor,verb,नौका बांधना
Cathedral,noun,गिरजाघर
Muscovy duck,noun,मस्कोवी बत्तख
Enormous,adjective,विशाल
Seldom,adverb,शायद ही कभी
Waddle,verb,डगमगाते हुए चलना
Scrap,noun,"टुकड़ा, रद्द करना"
Passerby,noun,राहगीर
Run,verb,दौड़ना
Panama hat,noun,पनामा टोपी
Nasty,adjective,घृणित
Starve,verb,भूखा रहना
Feather,noun,पंख
Bud began to burst,phrase,कली खिलने लगी
Breeding,adjective,प्रजनन संबंधी
Look for,phrasal verb,ढूंढना
Devastate,verb,तबाह करना
Die out,phrasal verb,विलुप्त होना
Fighting back tears,phrase,आंसू रोकते हुए
Meanwhile,adverb,इस बीच
Stand by,phrasal verb,साथ देना
Rid (of),verb,मुक्त करना
Vermin,noun,हानिकारक जीव
Alley,noun,गली
Duckling,noun,बत्तख का बच्चा
Bob,verb,ऊपर-नीचे हिलना
Flies,noun,मक्खियां
At last,phrase,आखिरकार
Be jumping up and down,phrase,अत्यंत उत्साहित होना
Sparkling,adjective,चमकदार
Townsfolk,noun,नगरवासी
Look about,phrasal verb,इधर-उधर देखना
Ventilation,noun,हवा-रोशनी की व्यवस्था
Louvre,noun,झिलमिली
Footboard,noun,पायदान
Mow down,phrasal verb,कुचल देना
Vestibule,noun,प्रवेश कक्ष
Enforcer,noun,प्रवर्तक
Shove,verb,धक्का देना
Infamous,adjective,कुख्यात
Stampede,noun,भगदड़
Artery,noun,मुख्य मार्ग
It is also time,phrase,अब समय भी है
Engineer,verb,योजना बनाना
Inexpensive,adjective,सस्ता
Romanticise,verb,आदर्श रूप में दिखाना
Humane,adjective,मानवीय
Rarity,noun,दुर्लभता
Decongest,verb,भीड़भाड़ कम करना
To an extent,phrase,कुछ हद तक
Price out,phrasal verb,कीमत के कारण बाहर हो जाना
Commuter,noun,नियमित यात्री
Dictate,verb,निर्धारित करना
Ferry,noun,"नौका, ढोना"
Mind,verb,ध्यान देना
Gender parity,noun,लैंगिक समानता
Attainment,noun,उपलब्धि
Stable,adjective,स्थिर
Marginally,adverb,मामूली रूप से
Weigh down,phrasal verb,बोझिल करना
Drive up,phrasal verb,बढ़ाना
Obvious,adjective,स्पष्ट
Consolidate,verb,मजबूत करना
Lacunae,noun,कमियां
Political will,noun,राजनीतिक इच्छाशक्ति
Tussle,noun,संघर्ष
Toy,verb,खिलौना
Visit upon,phrasal verb,पर विपत्ति डालना
Charade,noun,दिखावा
Actualisation,noun,साकार करना
Impediment,noun,बाधा
Climb up,phrasal verb,ऊपर चढ़ना
Rounded,adjective,"गोल, पूर्ण"
Applause-worthy,adjective,प्रशंसनीय
Electoral,adjective,चुनावी
Gamble,noun,जुआ खेलना
Pact,noun,समझौता
Painstaking,adjective,श्रमसाध्य
Inflammatory,adjective,भड़काऊ
Presidency,noun,राष्ट्रपति पद
Entirely,adverb,पूर्णतः
Insist,verb,जोर देना
Assistance,noun,सहायता
Spat,noun,छोटी नोकझोंक
The Oval Office,noun,ओवल कार्यालय
Press ahead,phrasal verb,आगे बढ़ते रहना
The fine print,noun,छोटे अक्षरों में लिखी शर्तें
Finance,verb,वित्त पोषित करना
Omit,verb,छोड़ देना
Secure,verb,प्राप्त करना
Ratify,verb,अनुमोदित करना
Pay off,phrasal verb,फल देना
Drag on,phrasal verb,लंबा खिंचना
Misplaced,adjective,गलत जगह रखा गया
In effect,phrase,प्रभावी रूप से
Stay,verb,रोक
Grant,verb,प्रदान करना
Deemed assent,noun,अनुमानित सहमति
Inordinately,adverb,अत्यधिक
Divest,verb,छीनना
Stalemate,noun,गतिरोध
Headless,adjective,बिना सिर वाला
Frozen,verb,"जमा हुआ, स्थगित"
Petition,noun,याचिका
Impugned,adjective,चुनौती दी गई
Fall foul of,phrase,के साथ टकराव होना
Lay down,phrasal verb,निर्धारित करना
Quash,verb,रद्द करना
Caveat,noun,चेतावनी शर्त
Glaring,adjective,"स्पष्ट, प्रत्यक्ष"
Deprive (of),verb,वंचित करना
Submission,noun,प्रस्तुतीकरण
Apprise (of),verb,सूचित करना
Propriety,noun,औचित्य
Counter affidavit,noun,प्रति-हलफनामा
Impasse,noun,गतिरोध
Precedent,noun,मिसाल
Override,verb,अधिक्रमित करना
Enact,verb,लागू करना
Wreak havoc,phrase,तबाही मचाना
Toll,noun,"क्षति, हताहत संख्या"
Arterial,adjective,मुख्य
Swollen,adjective,सूजा हुआ
It wouldn’t be stretch,noun,यह कहना गलत नहीं होगा
Associated,adjective,संबद्ध
Hard-wired,adjective,गहराई से बैठा हुआ
Inventory,noun,"सूची, भंडार"
Inspiring,adjective,प्रेरणादायक
Premiumisation,noun,प्रीमियम उत्पादों की ओर रुझान
Wary (of),adjective,सतर्क
Thin,verb,"पतला, कम"
Vital (to),adjective,अत्यंत आवश्यक
Imperfection,noun,खामी
Creep in,phrasal verb,धीरे-धीरे प्रवेश करना
Real wage,noun,वास्तविक वेतन
A quick fix,phrase,अस्थायी समाधान
Direct (at),verb,लक्षित करना
Keep in check,phrase,नियंत्रण में रखना
Linkage,noun,संबंध
Requisite,adjective,आवश्यक
Foreign direct investment (FDI),noun,प्रत्यक्ष विदेशी निवेश
Stunning,adjective,आश्चर्यजनक
Trace (to),verb,जड़ खोजना
Repatriation,noun,स्वदेश वापसी
Disinvestment,noun,विनिवेश
To a greater extent,phrase,बड़ी हद तक
Jurisdiction,noun,अधिकार क्षेत्र
Reign in,phrasal verb,नियंत्रण में रखना
Cautious,adjective,सतर्क
Sanguine,adjective,आशावादी
Dynamics,noun,गतिशीलता
Hold back,phrasal verb,रोक कर रखना
Muddied,adjective,धुंधला/उलझा दिया गया
Flip,verb,पलट देना
Tailwind,noun,अनुकूल परिस्थिति
Energise,verb,ऊर्जावान बनाना
Calibration,noun,समायोजन
Time around,phrasal verb,इस बार
Draw on,phrasal verb,सहारा लेना
Figure out,phrasal verb,समझ पाना
Household consumption basket,noun,घरेलू उपभोग टोकरी
Reweight,verb,पुनः भारांक देना
Deflator,noun,मूल्य समायोजक
Resultant,adjective,परिणामी
The likelihood of,noun,की संभावना
Perpetrator,noun,अपराध करने वाला
Condemnation,noun,निंदा
Culmination,noun,पराकाष्ठा
Co-conspirator,noun,सह-षड्यंत्रकारी
Turnaround,noun,"पलटाव, सुधार"
Make stride,phrase,प्रगति करना
Plead,verb,गुहार लगाना
Roll out the Red carpet,phrase,भव्य स्वागत करना
Backer,noun,समर्थक
Point-person,noun,मुख्य संपर्क व्यक्ति
Acting,adjective,कार्यवाहक
A far cry from,phrase,से बिल्कुल भिन्न
Change of heart,phrase,विचार परिवर्तन
Pressure point,noun,दबाव का बिंदु
Well-timed,adjective,उचित समय पर किया गया
Fetter,noun,"बेड़ी, बंधन"
Thug life,noun,गुंडागर्दी वाली जीवनशैली
Extra-judicial,adjective,न्यायेतर
Ensure,verb,सुनिश्चित करना
Thespian,adjective,अभिनेता
Recourse (to),noun,सहारा
Ancestor,noun,पूर्वज
Apologise,verb,क्षमा माँगना
Direction,noun,निर्देश
Repudiate,verb,अस्वीकार करना
Due,adjective,"देय, उचित"
The rule of law,noun,कानून का शासन
Mandated,adjective,अनिवार्य किया गया
Reasonable,adjective,उचित
Amorphous,adjective,अनिश्चित आकार का
Intimidate,verb,धमकाना
Infringement,noun,उल्लंघन
Emphatically,adverb,दृढ़तापूर्वक
Divergent,adjective,भिन्न/विरोधाभासी
Distinction,noun,भेद
Designated,adjective,नामित
Moving forward,phrase,आगे बढ़ते हुए
Accountable (for),adjective,उत्तरदायी
Unwarranted,adjective,अनुचित
Dissent,noun,असहमति
Martial law,noun,सैन्य शासन
Bête noire,noun,कट्टर विरोधी
Backfire,verb,उल्टा असर करना
Downfall,noun,पतन
Ascent,noun,आरोहण
Impeachment,noun,महाभियोग
Testament (to),noun,प्रमाण
Dictatorship,noun,तानाशाही
Tantamount (to),adjective,के समान
Cut open the old wound,phrase,पुराना दर्द जगाना
Fiasco,noun,पूर्ण विफलता
Hold accountable,phrase,जवाबदेह ठहराना
Temptation,noun,प्रलोभन
Witch-hunt,noun,अनुचित उत्पीड़न अभियान
Axis,noun,धुरी
Diplomacy,noun,कूटनीति
Turn off,phrasal verb,"बंद करना, विरक्त करना"
Reliant (on),adjective,निर्भर
To that end,phrase,इस उद्देश्य से
Civic life,noun,नागरिक जीवन
Pluralism,noun,बहुलवाद
Arbitrary,adjective,मनमाना
Intent (on),adjective,दृढ़ संकल्पित
Harass,verb,परेशान करना
Freeze,verb,स्थगित करना
Enrol,verb,पंजीकृत करना
Privilege,noun,विशेषाधिकार
Endowment,noun,अनुदान
Arsenal,noun,शस्त्रागार
Disarray,noun,अव्यवस्था
A chilling effect,noun,निरुत्साहित करने वाला प्रभाव
Sully,verb,कलंकित करना
Unsavoury,adjective,अरुचिकर
Salem witch trial,noun,सेलम डायन मुकदमा
Enron,noun,एनरॉन कंपनी
Liberalism,noun,उदारवाद
Globalisation,noun,वैश्वीकरण
Elitist,adjective,अभिजातवादी
Affirmative action,noun,सकारात्मक कार्रवाई
Lineage,noun,वंशावली
Sue,verb,मुकदमा करना
Remedy,verb,उपाय
Arsenic,adjective,विषैला
Cuisine,noun,व्यंजन
Reverence,noun,श्रद्धा
Prosperity,noun,समृद्धि
Staple food,noun,मुख्य भोजन
Log,verb,दर्ज करना
Per capita,adjective,प्रति व्यक्ति
Intact,adjective,अक्षुण्ण
Bran,noun,चोकर
Surpass,verb,पीछे छोड़ देना
Deviation,noun,विचलन
Customary,adjective,प्रथागत
Accumulation,noun,संचय
Bring to the fore,phrase,उजागर करना
Climate adaptation,noun,जलवायु अनुकूलन
Mitigation,noun,"शमन, कमी करना"
In this regard,phrase,इस संबंध में
To some extent,phrase,कुछ हद तक
Rid,verb,मुक्त करना
Pervasive,adjective,व्यापक
Legible,adjective,पढ़ने योग्य
Relay,verb,आगे पहुंचाना
Collation,noun,संकलन
Portable,adjective,सुवाह्य
In order to,phrase,के लिए
Calamitous,adjective,विनाशकारी
Mainstay,adjective,मुख्य आधार
Ramification,noun,परिणाम
Overtake,verb,आगे निकल जाना
Fertility rate,noun,प्रजनन दर
Coercive,adjective,बलपूर्वक
As a consequence of,phrase,के परिणामस्वरूप
Irrespective of,phrase,की परवाह किए बिना
Contest,verb,मुकाबला करना
Abort,verb,रद्द करना
Abortion,noun,गर्भपात
Abandonment,noun,परित्याग
Patriarchy,noun,पितृसत्ता
Do away with,phrasal verb,समाप्त करना
Foeticide,noun,भ्रूण हत्या
Grim,adjective,भयावह
Violation,noun,उल्लंघन
Skew,verb,असंतुलित करना
Womb,noun,गर्भ
Catchment area,noun,जलग्रहण क्षेत्र
Unglamorous,adjective,आकर्षणहीन
Rudimentary,adjective,"प्रारंभिक, बुनियादी"
Archaic,adjective,पुराना
Hook (to),verb,जोड़ना
Give wings to one’s dream,phrase,सपनों को साकार करना
Aspiration,noun,आकांक्षा
The hard yards,phrase,कठिन मेहनत
Convince,verb,समझाना
Qualified,adjective,योग्य
Lift off,phrasal verb,उड़ान भरना
Astronaut,noun,अंतरिक्ष यात्री
Orbital space,noun,कक्षीय अंतरिक्ष
Crew,noun,दल
Dock,verb,जुड़ना (अंतरिक्षयान का)
Onboard,verb,यान पर सवार
Suite,noun,"समूह, सेट"
Maiden,adjective,पहली बार
Slate,verb,कार्यक्रम सूची
Articulate,verb,व्यक्त करना
Against the backdrop,phrase,की पृष्ठभूमि में
Expedition,noun,अभियान
Spare,verb,अतिरिक्त
Multidimensional,adjective,बहुआयामी
Demanding,adjective,चुनौतीपूर्ण
Linger (over),verb,देर तक ठहरना
Decommission,verb,सेवामुक्त करना
Quantum computing,noun,क्वांटम कंप्यूटिंग
Demonstration,noun,प्रदर्शन
Stand (to),verb,तैयार रहना
Revolutionise,verb,क्रांतिकारी बदलाव लाना
Actor,noun,भागीदार
Nigh-uncrackable,adjective,लगभग अभेद्य
Prong,noun,"पहलू, दिशा"
Malicious,adjective,दुर्भावनापूर्ण
Eavesdropper,noun,छिपकर सुनने वाला
Intercept,verb,बीच में रोकना
Instantaneous,adjective,तात्क्षणिक
Decrypt,verb,कूट खोलना
Herein lies the rub,phrase,यहीं असली समस्या है
Theme,noun,विषय
Outlay,noun,व्यय
Assail,verb,आक्रमण करना
Beset,verb,घेर लेना
Disburse,verb,वितरित करना
Venture capital,noun,उद्यम पूंजी
Just-in-time,adjective,समय पर आपूर्ति प्रणाली
Cryostat,noun,अति-शीतलन उपकरण
Sensor,noun,संवेदक
Fabricated,adjective,मनगढ़ंत
Stack,noun,ढेर
Dwarf,verb,बौना बनाना/कम करना
Set in,phrasal verb,शुरू हो जाना
Minimum Support Price (MSP),noun,न्यूनतम समर्थन मूल्य
Hike,verb,वृद्धि करना
Buffer,noun,सुरक्षा कवच
Water-guzzler,noun,अधिक पानी खपाने वाली फसल
To Boot,phrase,इसके अलावा
Touch,verb,"संपर्क, स्पर्श करना"
Worthy,adjective,योग्य
Remunerative,adjective,लाभदायक
Open Market Operation,noun,खुला बाज़ार परिचालन
Flat,adjective,"स्थिर, समतल"
Poultry,noun,मुर्गी पालन
Checks and balances,noun,नियंत्रण और संतुलन प्रणाली
Rampant,adjective,"व्यापक, बेकाबू"
Commercialisation,noun,व्यावसायीकरण
Prescribe,verb,निर्धारित करना
Table,verb,प्रस्तुत करना (विधेयक)
Time-bound,adjective,समय-सीमा में बंधा
Hapless,adjective,अभागा
Reek (of),verb,स्पष्ट झलक देना
Extortion,noun,जबरन वसूली
Take-it-or-leave-it,adjective,मानो या छोड़ दो
Hold all the aces,phrase,पूरी बढ़त होना
Embroil,verb,उलझाना
Validity,noun,वैधता
Profiteering,noun,मुनाफाखोरी
Aggrieved,adjective,व्यथित
Opacity,noun,अपारदर्शिता
Ill-informed,adjective,अधूरी जानकारी वाला
Milk dry,phrase,पूरी तरह निचोड़ लेना
Deter,verb,रोकना
A cash cow,noun,आय का स्थायी स्रोत
Reign,noun,शासन काल
Spokesperson,noun,प्रवक्ता
Humanitarian Corridor,noun,मानवीय गलियारा
Conflict-torn,adjective,युद्धग्रस्त
Persecuted,adjective,उत्पीड़ित
Rohingya,noun,रोहिंग्या
Rift,noun,मतभेद
Swirl in,phrasal verb,चारों ओर फैलना
Step down,phrasal verb,पद छोड़ना
Subsequent,adjective,बाद का
Cold war,noun,शीत युद्ध
Far from,phrase,से कोसों दूर
Take over,phrasal verb,अधिग्रहण करना
Dawn,noun,"प्रारंभ, उदय"
Semi-authoritarian,adjective,अर्ध-निरंकुश
Crackdown (on),noun,कड़ी कार्रवाई
Yield (to),verb,झुक जाना
Non-state,adjective,गैर-राज्य
Steer,verb,दिशा देना
At the earliest,phrase,जल्द से जल्द
Shout,verb,चिल्लाना
Overhear,verb,अनजाने में सुन लेना
A handful of,noun,मुट्ठी भर
Able-bodied,adjective,"स्वस्थ, सक्षम"
Worriedly,adverb,चिंतित होकर
Match,verb,बराबरी करना
Lie in wait,phrase,घात लगाकर बैठना
Thud,noun,धम्म की आवाज़
Greet,verb,अभिवादन करना
Ashamed,adjective,शर्मिंदा
Kindness,noun,दयालुता
Gruffly,adverb,रूखेपन से
Choke,verb,दम घुटना
Rob,verb,लूटना
Set free,phrasal verb,मुक्त करना
Strange,adjective,अजीब
Outwit,verb,चालाकी से हरा देना
Gathering,noun,सभा
Storied,adjective,"प्रसिद्ध, ऐतिहासिक"
Chariot,noun,रथ
Procession,noun,जुलूस
Negligence,noun,लापरवाही
Sibling,noun,भाई-बहन
Tell-tale,adjective,स्पष्ट संकेत देने वाला
Drawing,noun,खींचना
Dehydration,noun,निर्जलीकरण
Crowd stress,noun,भीड़ का तनाव
Congest,verb,अवरुद्ध करना
Corridor,noun,गलियारा
Daily,noun,समाचार पत्र
Celebrity-studded,adjective,सितारों से सजा
Discourse,noun,विमर्श
Competence,noun,योग्यता
Defibrillation,noun,हृदय पुनर्जीवन प्रक्रिया
Debriefing,noun,समीक्षा बैठक
Disaster-resilient,adjective,आपदा-रोधी
Economics,noun,अर्थशास्त्र
Ambition,noun,महत्वाकांक्षा
All in all,phrase,कुल मिलाकर
Delicate,adjective,नाजुक
Abstraction,noun,अमूर्तता
El Niño,noun,अल नीनो प्रभाव
Courtesy of,phrase,की बदौलत
Acreage,noun,भूमि क्षेत्रफल
Capitulate,verb,आत्मसमर्पण करना
De-escalation,noun,तनाव में कमी
Counterbalance,noun,संतुलन बनाना
Burn one’s finger,phrase,नुकसान झेलना
Entangled,adjective,उलझा हुआ
Bring something full circle,phrase,पूर्ववत स्थिति में लाना
Diplomatically,adverb,कूटनीतिक ढंग से
Adoption,noun,अंगीकरण
Correlate,verb,संबंध जोड़ना
Defiantly,adverb,अवज्ञापूर्वक
Bribery,noun,रिश्वतखोरी
Beggar,noun,भिखारी
A slip of something,phrase,छोटा टुकड़ा
Admiringly,adverb,प्रशंसापूर्वक
Born with a silver spoon in one’s mouth,phrase,जन्म से धनी
Creditor,noun,ऋणदाता
Broken,adjective,टूटा हुआ
Determined,adjective,दृढ़ संकल्पित
Crawl,verb,रेंगना
Butcher,noun,कसाई
Affection,noun,स्नेह
Aloof,adjective,उदासीन
Deftly,adverb,कुशलतापूर्वक
Aghast,adjective,स्तब्ध
A great deal of,phrase,बहुत सारा
Bloodthirsty,adjective,रक्तपिपासु
Beast,noun,पशु
Despotism,noun,निरंकुशता
Bother,verb,परेशान करना
Abdicate,verb,त्याग देना (पद)
Crown,verb,राजतिलक करना
Appetite,noun,भूख
Ailing,adjective,बीमार
Antidote,noun,प्रतिरोधी औषधि
Denture,noun,नकली दांत
Coronation,noun,राज्याभिषेक
Blush,verb,शरमाना
Burst into laughter,phrase,अचानक हंस पड़ना
Coercion,noun,जबरदस्ती
Braille,noun,अंधों की लिपि
Build on,phrasal verb,विकसित करना
Compensation,noun,मुआवजा
Curated,adjective,चयनित
Diffuse,verb,फैलाना
Cluster,noun,समूह
Compounding,noun,बढ़ता हुआ
Captive,adjective,बंदी
Attention economy,noun,ध्यान अर्थव्यवस्था
A body blow,noun,गहरा झटका
Decelerationist,adjective,मंदी समर्थक
Decel,adjective,मंदीवादी
Enormously,adverb,अत्यधिक
Disseminate,verb,प्रसारित करना
Deceive,verb,धोखा देना
At the heart of,phrase,केंद्र में
Coordinated,adjective,समन्वित
Disbelief,noun,अविश्वास
Astonished,adjective,चकित
Drown,verb,डूबना
Blankly,adverb,खाली भाव से
Burst out laughing,phrase,जोर से हंस पड़ना
Cheerily,adverb,खुशी से
Burglar,noun,चोर
Embarrass,verb,शर्मिंदा करना
"""If you break your neck…""",phrase,मूल बनाम मामूली समस्या
Anachronism,noun,पुरानी बात
Bespoke,adjective,विशेष रूप से बनाया गया
Dearth,noun,कमी
Clustered,adjective,समूहित
Canvas,noun,पृष्ठभूमि
Discount,verb,नज़रअंदाज़ करना
Crack the code,phrase,समाधान ढूंढना
Endless,adjective,अंतहीन
Blood-red,adjective,गहरा लाल
Beloved,adjective,प्रिय
Alight,verb,उतरना
Dig out,phrasal verb,खोद निकालना
Anomaly,noun,विसंगति
Abrogation,noun,निरसन
Contrary (to),adjective,विपरीत
Disintegration,noun,विघटन
Calcify,verb,कठोर होना
Abrogate,verb,रद्द करना
Breakdown,noun,विफलता
Atheist,noun,नास्तिक
Astonishing,adjective,आश्चर्यजनक
Abundance,noun,प्रचुरता
Certainty,noun,निश्चितता
Automate,verb,स्वचालित करना
Confrontation,noun,टकराव
Conflagration,noun,बड़ा संघर्ष
Cascading,adjective,क्रमिक
Chokepoint,noun,संकरा रास्ता
Calculus,noun,रणनीति
Contour,noun,रूपरेखा
Brinkmanship,noun,जोखिम भरी कूटनीति
A stamp of approval,noun,स्वीकृति की मुहर
Contention,noun,दावा
Cross-border,adjective,सीमा-पार
Cherish,verb,संजोना
Call on,phrasal verb,अपील करना
A level playing field,phrase,समान अवसर
Articulation,noun,अभिव्यक्ति
Endorsement,noun,समर्थन
Crony,noun,साथी
Annoyed,adjective,चिढ़ा हुआ
Chore,noun,घरेलू कार्य
Brim (with),verb,भर जाना
Come by,phrasal verb,प्राप्त करना
Dwell,verb,निवास करना
Breath-taking,adjective,अद्भुत
As a result,phrase,परिणामस्वरूप
Calm down,phrasal verb,शांत होना
Destruction,noun,विनाश
Constituent,noun,घटक
Deduce,verb,निष्कर्ष निकालना
Converge,verb,एक साथ आना
Balanced diet,noun,संतुलित आहार
Bumblebee,noun,भौंरा
Composition,noun,संरचना
Contradictory,adjective,विरोधाभासी
Complicated,adjective,जटिल
A launch pad,noun,शुरुआती मंच
Crowded (with),adjective,से भरा
Disconnected,adjective,असंबद्ध
Endearing,adjective,प्रिय लगने वाला
Compete (for),verb,के लिए प्रतिस्पर्धा करना
Diffusion,noun,प्रसार
Disruptor,noun,परिवर्तनकारी
Aided,adjective,सहायता प्राप्त
Anthropocene,noun,मानव युग
Analyse,verb,विश्लेषण करना
Abstract,adjective,अमूर्त
Ageing,adjective,वृद्ध होना
Economically,adverb,आर्थिक रूप से
Consumer price index,noun,उपभोक्ता मूल्य सूचकांक
Average,verb,औसत निकालना
Beverage,noun,पेय
Cumulative,adjective,संचयी
Disinflationary,adjective,मुद्रास्फीति कम करने वाला
Brent crude oil,noun,ब्रेंट कच्चा तेल
Designation,noun,पदनाम
At someone’s behest,phrase,किसी के कहने पर
Concurrence,noun,सहमति
Avert,verb,टालना
Bring into question,phrase,संदेह में डालना
Credibly,adverb,विश्वसनीय ढंग से
Bravely,adverb,साहसपूर्वक
Contingent (upon),adjective,पर निर्भर
Collectively,adverb,सामूहिक रूप से
Deadlocked,adjective,गतिरोध में फंसा
Enmeshed,adjective,उलझा हुआ
Drastic,adjective,कठोर
Backbone,noun,मुख्य आधार
Cultivation,noun,विकास
Clash,noun,टकराव
Buffer zone,noun,तटस्थ क्षेत्र
At risk,phrase,खतरे में
Clutch,verb,पकड़ना
Effortlessness,noun,सहजता
Crown (on),verb,उपाधि देना
Claw grip,noun,उंगलियों से पकड़ना
Distil,verb,सार निकालना
Bleed,verb,फैल जाना
Architecture,noun,संरचना
Coping,adjective,सामना करने वाला
Accommodate,verb,समायोजित करना
Chasm,noun,गहरी खाई
Assertion,noun,दावा
Consequential,adjective,महत्वपूर्ण
Discretion,noun,विवेक
Amendment,noun,संशोधन
Defect,verb,पक्ष बदलना
Contradict,verb,विरोध करना
Discretionary power,noun,विवेकाधीन शक्ति
Bring to a close,phrase,समाप्त करना
Emission,noun,उत्सर्जन
Ambient,adjective,परिवेशी
Convergence,noun,समागम
Allied,adjective,संबद्ध
Aggregation,noun,समुच्चय
Diversification,noun,विविधीकरण
Downside,noun,कमी/नुकसान
Engineering,noun,कुशलतापूर्वक करना
Clinching,adjective,निर्णायक
Distiller,noun,आसवक
Durability,noun,टिकाऊपन
Corrode,verb,जंग लगना
Compatible,adjective,अनुकूल
Corrosion,noun,क्षरण
Break,verb,रोकना
Cognitive ability,noun,संज्ञानात्मक क्षमता
Defuse,verb,शांत करना
Debilitating,adjective,कमजोर करने वाला
Awash,adjective,भरा हुआ
Bad press,noun,नकारात्मक प्रचार
Come to pass,phrase,घटित होना
Conspicuous,adjective,स्पष्ट रूप से दिखने वाला
Downsize,verb,आकार घटाना
Alienation,noun,अलगाव
Broccoli endorsement,noun,बनावटी प्रशंसा
Big Mac,noun,उपभोक्तावाद का प्रतीक
Altruism,noun,परोपकार
Earthly,adjective,सांसारिक
Capricious,adjective,अनिश्चित स्वभाव का
Circumspect,adjective,सतर्क
Considered,adjective,विचारपूर्ण
Clarity,noun,स्पष्टता
Brace up,phrasal verb,तैयार होना
Come into play,phrase,सक्रिय होना
Critical (to),adjective,अनिवार्य
Asymptomatic,adjective,लक्षणहीन
Detect,verb,पता लगाना
Contain,verb,नियंत्रित करना
Despite,preposition,के बावजूद
Broadening,noun,विस्तार
A bridge too far,phrase,अत्यधिक महत्वाकांक्षी कदम
Audit,noun,लेखा-परीक्षा
Cave in,phrasal verb,ढह जाना
Concrete,adjective,ठोस
Crowded,adjective,भीड़भाड़ वाला
Complacent,adjective,आत्मसंतुष्ट
Colonial,adjective,औपनिवेशिक
Auction,noun,नीलामी
Artifact,noun,कलाकृति
Deficiency,noun,कमी
Cultural asset,noun,सांस्कृतिक संपत्ति
Administration,noun,प्रशासन
Bank (on),verb,भरोसा करना
Digitised,adjective,डिजिटलीकृत
Commercialise,verb,व्यावसायिक बनाना
Briquette,noun,ईंधन ब्लॉक
Cremation,noun,दाह संस्कार
Cremate,verb,दाह संस्कार करना
Colossal,adjective,विशाल
Biomass,noun,जैव ईंधन
Eco-cremation,noun,पर्यावरण-अनुकूल दाह संस्कार
Deforestation,noun,वनों की कटाई
Crematorium,noun,श्मशान घाट
Disheartened,adjective,निराश
Anger,verb,क्रोधित करना
Cogeneration,noun,सह-उत्पादन
Decentralised,adjective,विकेंद्रीकृत
Be in Cross-hairs,noun,निशाने पर होना
Double down on,phrase,और मजबूती से आगे बढ़ना
Awkward,adjective,असहज
Acronym,noun,संक्षिप्ताक्षर
Bullying,adjective,धमकाना
As a result of,phrase,के कारण
Buoyant,adjective,उत्साहित
Anchored,adjective,स्थिर
Assessment,noun,मूल्यांकन
Cautionary,adjective,सावधानीपूर्ण
Caution,verb,चेतावनी देना
Catalyse,verb,प्रेरित करना
Catastrophe,noun,आपदा
Bioeconomy,noun,जैव अर्थव्यवस्था
Cutting-edge,adjective,अत्याधुनिक
Allure,noun,आकर्षण
By one’s own admission,phrase,स्वयं स्वीकार करते हुए
Doping,noun,प्रतिबंधित दवा का प्रयोग
Déjà vu,noun,पूर्व-अनुभूति का भाव
Cut off,phrasal verb,अलग कर देना
Destabilise,verb,अस्थिर करना
Calamity,noun,आपदा
Distract,verb,ध्यान भटकाना
Catchment,noun,जलग्रहण क्षेत्र
Buffering capacity,noun,अवशोषण क्षमता
Accumulate,verb,एकत्र करना
Climate-resilient,adjective,जलवायु-अनुकूल
Attribute,noun,गुण
Denuded,adjective,वनरहित
Acclaim,verb,प्रशंसा करना
Beforehand,adverb,पहले से
De-escalate,verb,तनाव कम करना
Closeness,noun,निकटता
Although,conjunction,यद्यपि
Be on the mend,phrase,सुधर रहा
Engagement,noun,सहभागिता
Commemorative,adjective,स्मारक
Compatriot,noun,देशवासी
Comet,noun,पुच्छल तारा
Conquer,verb,जीतना
Confine,verb,सीमित करना
Blunt,adjective,स्पष्टवादी
Doctrine,noun,सिद्धांत
Entrench,verb,मजबूती से स्थापित करना
Contempt,noun,अवमानना
Conurbation,noun,महानगरीय क्षेत्र
Dense,adjective,सघन
Confinement,noun,कैद
Ecology,noun,पारिस्थितिकी
Distinguish,verb,अंतर करना
Chronically,adverb,लगातार
Bankroll,verb,वित्तपोषण करना
Curricula,noun,पाठ्यक्रम
Canine,adjective,कुत्ते संबंधी
Cruel,adjective,क्रूर
Blossom,verb,विकसित होना
Bear fruit,phrase,सफल होना
Boarding,noun,प्रवेश
Consequence,noun,परिणाम
Employee Stock Ownership Plan (ESOP),noun,कर्मचारी शेयर योजना
A magic pill,noun,जादुई समाधान
Champion,noun,समर्थक
AI-driven,adjective,एआई-संचालित
Complicate,verb,जटिल बनाना
Bearish,adjective,मंदी की प्रवृत्ति
Bear out,phrasal verb,पुष्टि करना
Coveted,adjective,वांछित
Application,noun,प्रयोग
Democratise,verb,सुलभ बनाना
Dissemination,noun,प्रसार
Employability,noun,रोजगार योग्यता
Comprehension,noun,समझ
Assimilation,noun,आत्मसात करना
Clear-eyed,adjective,यथार्थवादी
Ancient,adjective,प्राचीन
Alacrity,noun,उत्सुकता
Build (on),verb,आधार बनाना
Comprehensively,adverb,व्यापक रूप से
Balloon,verb,तेज़ी से बढ़ना
Compounded annual growth rate (CAGR),noun,चक्रवृद्धि वार्षिक वृद्धि दर
At some extent,phrase,कुछ हद तक
Derivate,noun,व्युत्पन्न
Common good,phrase,सार्वजनिक हित
Be long past,phrase,बहुत पहले बीत जाना
Admirable,adjective,प्रशंसनीय
Emerge,verb,उभरना
Carryover,noun,अंतरण
Be in the works,phrase,प्रगति में होना
Bureaucracy,noun,नौकरशाही
Edge computing,noun,एज कंप्यूटिंग
Critical,adjective,महत्वपूर्ण
Emergence,noun,उदय
Duopoly,noun,द्वि-अधिकार बाजार
Bazball style,noun,आक्रामक क्रिकेट शैली
Cramped,adjective,तंग
Amass,verb,एकत्र करना
Communally,adverb,सांप्रदायिक रूप से
Deliberate,adjective,जानबूझकर किया गया
Conspiracy,noun,षड्यंत्र
Demography,noun,जनसांख्यिकी
Disguised,adjective,छिपा हुआ
Dwell (on),verb,बार-बार सोचना
Account,noun,विवरण
Effectiveness,noun,प्रभावशीलता
Adversary,noun,प्रतिद्वंद्वी
Batter,verb,पीटना
Adversity,noun,विपत्ति
Draw (on),verb,सहारा लेना
Adaptation,noun,अनुकूलन
Draw the red lines,phrase,सीमा तय करना
Commemorate,verb,स्मरण करना
Centenary,noun,शताब्दी
A sticking point,phrase,बाधा बिंदु
Devoid (of),adjective,रहित
Clinch,verb,अंतिम रूप देना
Accusation,noun,आरोप
Constructive,adjective,रचनात्मक
Booming,adjective,तेज़ी से बढ़ता हुआ
Century,noun,शताब्दी
Break free,phrase,मुक्त होना
Abdominal,adjective,पेट संबंधी
Be on the rise,phrase,बढ़ रहा
Corollary,noun,परिणाम
Circumference,noun,परिधि
Correlation,noun,सहसंबंध
Endemic,adjective,स्थानिक
Diversion,noun,मोड़ना
A far cry,phrase,बिल्कुल अलग
Buffer stock,noun,बफर स्टॉक
Divert,verb,मोड़ना
Distillery,noun,आसवनी
As things stand,phrase,वर्तमान में
Affront,noun,अपमान
Appalling,adjective,भयावह
Discredited,adjective,बदनाम
Coastal,adjective,तटीय
Bombed-out,adjective,तबाह
Blockade,noun,नाकाबंदी
Complicit,adjective,संलिप्त
Atrocity,noun,क्रूरता
Creep up,phrasal verb,धीरे-धीरे बढ़ना
Ensnare,verb,फंसाना
Astonishment,noun,आश्चर्य
Brace,verb,तैयार होना
Dismay,verb,निराश करना
Bomb is ticking,phrase,संकट नजदीक है
Differences,noun,मतभेद
Embarrassed,adjective,शर्मिंदा
Ceremonial,adjective,औपचारिक
Diktat,noun,आदेश
Crude,adjective,अपरिष्कृत
Closed ranks,phrase,एकजुट होना
De-risk,verb,जोखिम कम करना
Egg on,phrasal verb,उकसाना
Encroach (on),verb,अतिक्रमण करना
Distasteful,adjective,अरुचिकर
Deceptive,adjective,भ्रामक
Atmosphere,noun,वातावरण
Censored,adjective,प्रतिबंधित
Asterisk,noun,तारा चिन्ह
Disadvantaged,adjective,वंचित
CAATSA,noun,अमेरिकी प्रतिबंध कानून
Capitalise (on),verb,लाभ उठाना
Downstream,noun,निचली धारा
Aggravate,verb,बदतर बनाना
Discharge,noun,उत्सर्जन
By all accounts,phrase,सभी सूत्रों के अनुसार
Counter (to),noun,प्रतिक्रिया
Break the ice,phrase,माहौल हल्का करना
Delimit,verb,सीमांकन करना
Against a backdrop of,phrase,की पृष्ठभूमि में
Constructively,adverb,रचनात्मक ढंग से
Economic leverage,noun,आर्थिक प्रभाव क्षमता
Corresponding,adjective,संबंधित
Bring someone to the negotiating table,phrase,बातचीत पर मजबूर करना
Employment-intensive,adjective,श्रम-गहन
Adopt,verb,अपनाना
At one’s lowest ebb,phrase,सबसे बुरे दौर में
Case in point,phrase,उदाहरण
Emphatic,adjective,दृढ़तापूर्ण
Alertness,noun,सतर्कता
Dismissive,adjective,उपेक्षापूर्ण
Chart one’s own course,phrase,अपना रास्ता खुद तय करना
As far as –––––––––– are concerned,phrase,के संबंध में
Downturn,noun,मंदी
Cast a shadow,phrase,प्रभाव डालना
Decisively,adverb,निर्णायक रूप से
Assertive,adjective,दृढ़
Categorise,verb,वर्गीकृत करना
Apportion,verb,बाँटना
Commentary,noun,विश्लेषण
Antisemitism,noun,यहूदी-विरोध
Biblical,adjective,विशाल
Bandit,noun,डाकू
Certainly,adverb,निश्चित रूप से
Disengagement,noun,अलगाव
A stumbling block,noun,बाधा
Calibrated,adjective,सुनियोजित
Advisory,noun,परामर्श
Deceased,adjective,मृत
A gender trope,noun,रूढ़िबद्ध लैंगिक चित्रण
Criteria,noun,मानदंड
Beset (with),adjective,पीड़ित
Cadaveric,adjective,शव संबंधी
Dietary,adjective,आहार संबंधी
A balanced diet,noun,संतुलित आहार
Documented,adjective,दर्ज
Coronary heart disease,noun,हृदय रोग
Dessert,noun,मिठाई
Cocktail,noun,मिश्रण
Build-up,noun,संचय
Anecdotally,adverb,किस्सों के आधार पर
Emperor,noun,सम्राट
Enterprising,adjective,उद्यमशील
Archaeologist,noun,पुरातत्वविद्
Context,noun,संदर्भ
Chronic,adjective,पुराना/स्थायी
Dutifully,adverb,कर्तव्यपूर्वक
Cliché,verb,घिसी-पिटी बात
A dead-end,noun,गतिरोध
Detour,noun,चक्कर मार्ग
Breakneck,adjective,तेज़ और खतरनाक
Cripple,verb,अपंग करना
Dangle,verb,लटकना
Born out,phrasal verb,उत्पन्न होना
Annihilate,verb,नष्ट करना
Acutely,adverb,अत्यंत गंभीरता से
A bed of roses,phrase,आसान जीवन
Alien,adjective,विदेशी
Broke down,phrasal verb,विभाजित करना
Across the divides,phrase,मतभेदों को पाटते हुए
Deformation,noun,विरूपण
Dawn-dusk,adjective,सूर्योदय-सूर्यास्त
Couple,verb,जोड़ना
Calve rate,noun,हिमखंड टूटने की दर
Data throughput,noun,डेटा प्रवाह दर
Authorise,verb,अधिकृत करना
Distrust,noun,अविश्वास
Differ,verb,भिन्न होना
Consistently,adverb,लगातार
Demilitarisation,noun,निःशस्त्रीकरण
Dominant,adjective,प्रभावशाली
A hollowing out,phrase,क्षरण
Effervescent,adjective,उत्साही
At the heels of,phrase,पीछे-पीछे
Break into,phrasal verb,प्रवेश करना
Embark (on),verb,शुरू करना
Diligently,adverb,परिश्रमपूर्वक
Attend (to),verb,ध्यान देना
Edifice,noun,भवन
Crash down,phrasal verb,ढह जाना
Eatery,noun,भोजनालय
Eating out,noun,बाहर भोजन करना
Distortion,noun,विकृति
Cephalic phase,noun,पाचन का प्रारंभिक चरण
Doggy bag,noun,बचे भोजन का पैकेट
Comprehensive Economic and Trade Agreement (CETA),noun,व्यापक आर्थिक व्यापार समझौता
Duty-free,adjective,शुल्क-मुक्त
A zero-sum game,phrase,शून्य-योग खेल
Ample,adjective,पर्याप्त
Concede (to),verb,समर्पण करना
Activist,noun,कार्यकर्ता
Consensual,adjective,सहमति से
Amicus curiae,noun,न्यायालय मित्र
Consenting,adjective,सहमत
Codify,verb,संहिताबद्ध करना
Compel,verb,मजबूर करना
Derive,verb,प्राप्त करना
Discrimination,noun,भेदभाव
Benchmark repo rate,noun,मानक रेपो दर
Broadbased,adjective,व्यापक
Analyst,noun,विश्लेषक
Deviate,verb,भटकना
Cloud burst,noun,मूसलाधार बारिश
Cause havoc,phrase,तबाही मचाना
Crumbling,adjective,जीर्ण-शीर्ण
Drainage,noun,जल निकासी
Downpour,noun,मूसलाधार बारिश
Computing,adjective,संगणकीय
Addict (to),verb,लत लगाना
Addiction,noun,लत
Against this backdrop,phrase,इस पृष्ठभूमि में
Draw a line,phrase,सीमा तय करना
About-turn,adjective,पूर्ण उलटफेर
Convincing,adjective,प्रेरक
Broadly,adverb,सामान्यतः
Assumption,noun,धारणा
Dry sorbent injection,noun,वायु प्रदूषण नियंत्रण तकनीक
Amount to,phrasal verb,बराबर होना
Cynical,adjective,संशयवादी
Boost,verb,बढ़ावा देना
Direct tax,noun,प्रत्यक्ष कर
Bodes well,phrase,शुभ संकेत देना
Crucially,adverb,मुख्यतः
Attitude,noun,दृष्टिकोण
Bench,noun,न्यायपीठ
Acknowledgement,noun,स्वीकृति
Enormity,noun,विशालता
Competent,adjective,सक्षम
Climber,noun,पर्वतारोही
Encouragement,noun,प्रोत्साहन
Deglobalisation,noun,वैश्वीकरण-विरोधी प्रवृत्ति
Brook,verb,सहन करना
Egregious,adjective,घोर
Colonial-era,adjective,औपनिवेशिक युग का
Disaffection,noun,असंतोष
Construe,verb,व्याख्या करना
Endangering,adjective,खतरे में डालने वाला
Abuse,noun,दुरुपयोग
Defiant,adjective,अवज्ञाकारी
Destabilisation,noun,अस्थिरीकरण
Debris,noun,मलबा
Engulf,verb,घेर लेना
Cloudburst,noun,मूसलाधार बारिश
Computation,noun,गणना
Commiseration,noun,सहानुभूति
Conducive,adjective,अनुकूल
Come as no surprise,phrase,अपेक्षित होना
Budge,verb,हिलना
Doubly,adverb,दोगुना
Catch in the crossfire,phrase,फंस जाना
Bilaterals,noun,द्विपक्षीय मुकाबले
Be in the shadow,phrase,छाया में रहना
Continental,adjective,महाद्वीपीय
Cast light on,phrase,स्पष्ट करना
Cohort,noun,समूह
Coach,verb,प्रशिक्षित करना
Docking,noun,जुड़ाव
Displease,verb,नाराज़ करना
Belch,verb,डकार
At someone’s expense,phrase,किसी की कीमत पर
Comply,verb,पालन करना
Electoral roll,noun,मतदाता सूची
Empirical,adjective,अनुभवजन्य
Archive,noun,अभिलेखागार
Discomfort,noun,बेचैनी
Antique,adjective,पुरातन
Connoisseur,noun,पारखी
Curiosity,noun,जिज्ञासा
Arouse,verb,जगाना
Emissary,noun,दूत
Cowardly,adverb,कायरतापूर्वक
Coward,adjective,कायर
Chirping,noun,चहचहाहट
Cricket,noun,झींगुर
Dwelling,noun,आवास
Contentedly,adverb,संतोषपूर्वक
At the crack of dawn,phrase,भोर होते ही
Bridle,noun,लगाम
Accost,verb,सामना करना
Alarm,verb,डराना
Bewilder,verb,हैरान करना
Banish,verb,निष्कासित करना
Chick,noun,चूजा
By far,phrase,निःसंदेह
Call it quits,phrase,छोड़ देना
Clamber,verb,मुश्किल से चढ़ना
Creep,verb,चुपके से चलना
Bang (on),verb,जोर से पीटना
Battered,adjective,पीटा हुआ
Devour,verb,निगल जाना
Bundle up,phrasal verb,बांधना
Backyard,noun,पिछवाड़ा
Curse,noun,अभिशाप
Apology,noun,माफी
Curtly,adverb,रूखेपन से
Disgust,noun,घृणा
Codger,noun,बूढ़ा व्यक्ति
Behold,verb,देखना
Enquire,verb,पूछताछ करना
Burn down,phrasal verb,जलकर राख होना
Draw near,phrase,निकट आना
Burly,adjective,हृष्ट-पुष्ट
Charity,noun,दान
Blow off,phrasal verb,उड़ा देना
Bribe,noun,रिश्वत
Curio,noun,दुर्लभ वस्तु
Break up,phrasal verb,टूट जाना
Drop down,phrasal verb,गिरना
Borrow,verb,उधार लेना
Entertain,verb,मनोरंजन करना
Deserted,adjective,वीरान
Draw out,phrasal verb,बाहर निकालना
Bluff,verb,धोखा देना
Defaulter,noun,चूककर्ता
Compensatory,adjective,क्षतिपूरक
Curtail,verb,कम करना
Draw a clear line,phrase,स्पष्ट सीमा तय करना
Compensate,verb,क्षतिपूर्ति करना
Conflict,verb,टकराना
Apex court,noun,सर्वोच्च न्यायालय
Determine,verb,निर्धारित करना
Aetiology,noun,रोग कारण विज्ञान
Date back to,phrase,से चला आना
Compliant,adjective,अनुपालनशील
Constant,adjective,निरंतर
Bring to mind,phrase,याद दिलाना
Enactment,noun,अधिनियमन
Come at the expense of,phrase,की कीमत पर होना
Contagious,adjective,संक्रामक
Booster shot,noun,टीके की अतिरिक्त खुराक
Belatedly,adverb,देर से
Employer,noun,नियोक्ता
Cast a net,phrase,उपयुक्त विकल्प खोजना
Absorbed,adjective,समाहित
Autonomous,adjective,स्वायत्त
Drenched,adjective,भीगा हुआ
Back away,phrasal verb,पीछे हटना
Cradle,noun,पालना
Cockpit voice recorder,noun,कॉकपिट ध्वनि रिकॉर्डर
Baseless,adjective,निराधार
Denial,noun,इनकार
Disaster,noun,आपदा
Clear the fog,phrase,स्पष्ट करना
Ends meet,phrase,गुजारा चलाना
Condole,verb,शोक व्यक्त करना
Draft,verb,भर्ती करना
Dreadful,adjective,भयानक
Desert,noun,मरुस्थल
Bare earth,noun,खुली भूमि
Doze off,phrasal verb,झपकी लेना
Archipelago,noun,द्वीपसमूह
Courtesy visitor,noun,पर्यटक-जनित कचरा
A double-whammy,phrase,दोहरा झटका
Disperse,verb,बिखेरना
Cruelty,noun,क्रूरता
Behind closed doors,phrase,गुप्त रूप से
Dowry,noun,दहेज
Abusive,adjective,अपमानजनक
Brave,adjective,बहादुर
Countless,adjective,अनगिनत
Behind curtained windows,phrase,निजता में
Amiss,adjective,गड़बड़
Cherished,adjective,प्रिय
Deterioration,noun,गिरावट
Co-operation,noun,सहयोग
Code of conduct,noun,आचार संहिता
Enhanced,adjective,उन्नत
Caravan,noun,काफिला
Come upon,phrasal verb,खोज लेना
Emanate (from),verb,उत्पन्न होना
Alimony,noun,गुजारा भत्ता
Claimant,noun,दावेदार
Dissolution,noun,विघटन
By their account,phrase,उनके अनुसार
A single hand can’t clap,phrase,दोनों पक्ष समान रूप से जिम्मेदार
Crop up,phrasal verb,उभरना
Cognisant,adjective,जागरूक
Aspire (to),verb,लक्ष्य रखना
Clogged,adjective,अवरुद्ध
Differential parking rate,noun,परिवर्तनशील पार्किंग शुल्क
Almighty,noun,सर्वशक्तिमान
Enamoured (with),adjective,मोहित
Disciple,noun,शिष्य
Conspicuously,adverb,स्पष्ट रूप से
Cursory,adjective,सतही
Cascade,noun,झरना
Awkwardness,noun,असहजता
Brush aside,phrasal verb,नज़रअंदाज़ करना
Empathise,verb,सहानुभूति रखना
Attune,to,अनुकूल बनाना
Bring someone into fold,phrase,शामिल करना
Boldly,adverb,साहसपूर्वक
Embarrassment,noun,शर्मिंदगी
Candidly,adverb,स्पष्टतः
Aberration,noun,विचलन
Bystander,noun,दर्शक
Astuteness,noun,कुशाग्रता
Codeshare arrangement,noun,कोडशेयर व्यवस्था
Acquisition,noun,अधिग्रहण
Aviation,noun,विमानन
Claw back,phrasal verb,पुनः प्राप्त करना
Come in handy,phrase,उपयोगी साबित होना
Catch up,phrasal verb,बराबरी करना
Accelerated,adjective,त्वरित
Conclusion,noun,निष्कर्ष
Basket,noun,समूह
Codeshare agreement,noun,कोडशेयर समझौता
Division,noun,विभाजन
Book-end,verb,घेरना
Better off,phrasal verb,अधिक संपन्न
A slew of,phrase,बहुत सारे
Come handy,phrase,उपयोगी होना
Diplomat,noun,राजनयिक
Blunder,noun,बड़ी गलती
Discreet,adjective,सावधान
Deepening,adjective,गहराता हुआ
Dithering,noun,हिचकिचाहट
Be on the back foot,phrase,रक्षात्मक स्थिति में होना
Discernibly,adverb,स्पष्ट रूप से
Barrage,noun,बौछार
A Hobson’s choice,phrase,मजबूरी का विकल्प
Attritional war,noun,थकावट भरा युद्ध
Condolence,noun,शोक संदेश
Abhorrent,adjective,घृणित
Critical (of),adjective,आलोचनात्मक
Apprehend,verb,गिरफ्तार करना
Dead-end,noun,गतिरोध
Contiguous,adjective,सटा हुआ
Anachronistic,adjective,पुराने ढंग का
Caught in the crossfire,phrase,बीच में फंसना
A shade,phrase,थोड़ा सा
Depletion,noun,कमी
Bugbear,noun,चिंता का विषय
Draw conclusion,phrase,निष्कर्ष निकालना
Disguise,verb,छिपाना
Drain,verb,समाप्त करना
Allocate,verb,आवंटित करना
Entitled,adjective,हकदार
Arrear,noun,बकाया
Disclaimer,noun,अस्वीकरण
Broker,verb,मध्यस्थता करना
Categorical,adjective,स्पष्ट
Disprove,verb,गलत सिद्ध करना
Design,noun,योजना
Covert,adjective,गुप्त
Cognisant (of),adjective,अवगत
Edge (lower),verb,धीरे से घटना
All work and no play makes Jack a dull boy,phrase,"केवल काम, कोई मनोरंजन नहीं हानिकारक"
Companion,noun,साथी
Asset,noun,संपत्ति
Bind upon,phrasal verb,बाध्य करना
Concerned,preposition,संबंधित
A foot in the door,phrase,शुरुआती मौका
Collegium,noun,न्यायाधीश समिति
(be) wary (of),adjective,सतर्क रहना
Compliant (with),adjective,अनुरूप
Demolish,verb,ध्वस्त करना
Assassinated,adjective,हत्या किया गया
Axis of Resistance,noun,प्रतिरोध गठबंधन
Chilling,adjective,भयावह
Cling (to),verb,मजबूती से पकड़े रहना
Abhor,verb,घृणा करना
Boil down,phrasal verb,संक्षेप में आना
Enthrone,verb,सिंहासन पर बिठाना
Changelessness,noun,अपरिवर्तनीयता
Delusion,noun,भ्रम
Defund,verb,वित्तपोषण रोकना
Antisemitic,adjective,यहूदी-विरोधी
Break out,phrasal verb,अचानक शुरू होना
Borne out,phrasal verb,पुष्टि होना
Entrant,noun,नवागंतुक
Cutback,noun,कटौती
Coincidence,noun,संयोग
Descent,noun,गिरावट
Anarchy,noun,अराजकता
A New Dawn,noun,नई शुरुआत
Accuse,verb,आरोप लगाना
Cold blood,noun,निर्दयता
By-product,noun,उपोत्पाद
Bereft (of),adjective,रहित
Curb (on),noun,प्रतिबंध
Citizenry,noun,नागरिकगण
Brace (for),verb,तैयार होना
Blistering,adjective,अत्यंत तेज़/गर्म
Distort,verb,विकृत करना
Deal (with),verb,निपटना
Adaptation measure,noun,अनुकूलन उपाय
Cut back on,phrase,कम करना
Buy-in,noun,सहमति
Clever,adjective,चतुर
Catch someone red-handed,phrase,रंगे हाथों पकड़ना
Breeze,noun,हवा
Caress,verb,सहलाना
Brush,verb,संवारना
Blew away,phrasal verb,उड़ जाना
Anticipated,adjective,प्रत्याशित
Alumni,noun,पूर्व छात्र
Entrepreneurial,adjective,उद्यमशील
Burst into tears,phrase,अचानक रो पड़ना
Baggage,noun,बोझ
Eloquence,noun,वाक्पटुता
Brevity,noun,संक्षिप्तता
Brooding,noun,चिंतन करना
Embark upon,phrasal verb,आरंभ करना
Blooming,noun,फलता-फूलता
Abruptly,adverb,अचानक से
Entitlement,noun,अधिकार
Crucify,verb,कड़ी सजा देना
Callousness,noun,निर्दयता
Beneath,preposition,नीचे
Anxious,adjective,चिंतित
Elevate,verb,ऊपर उठाना
Diagnose,verb,निदान करना
Empowered,adjective,सशक्त
Cater to,verb,पूरा करना
Directive,noun,आदेश
Decorum,noun,शिष्टाचार
Blissfully,adverb,प्रसन्नतापूर्वक
Blinkered,adjective,संकीर्ण सोच वाला
Allege,verb,आरोप लगाना
Benevolent,adjective,दयालु
Eat out,phrasal verb,बाहर खाना खाना
Deference,noun,सम्मान
Acknowledgment,noun,स्वीकृति
Coastline,noun,तटरेखा
Condemnable,adjective,निंदनीय
Chicken's neck,noun,सिलीगुड़ी गलियारा
Advocacy,noun,पैरवी
BIMSTEC,noun,बिम्सटेक संगठन
Constrain,verb,सीमित करना
At this juncture,phrase,इस मोड़ पर
Closure,noun,समापन
Doxing,noun,निजी जानकारी सार्वजनिक करना
Byword,noun,प्रतीक
Cyberbullying,noun,ऑनलाइन उत्पीड़न
Disinformation,noun,गलत सूचना
Apparel,noun,पोशाक
Douse,verb,बुझाना
Augur well,phrase,शुभ संकेत देना
Efficacy,noun,प्रभावकारिता
Draw a lesson from,phrase,सबक लेना
Deflect,verb,मोड़ना
Cash-dispensing machine,noun,एटीएम मशीन
Climb,verb,बढ़ना
Denomination,noun,मूल्यवर्ग
Crave,verb,तीव्र इच्छा रखना
Egoistic,adjective,स्वार्थी
Distance,verb,दूरी बनाना
Arrogantly,adverb,अहंकारपूर्वक
Anti-Patriarchy,noun,पितृसत्ता-विरोधी
Embed (in),verb,में समाहित करना
Dogma,noun,मत/सिद्धांत
Dilution,noun,कमजोरी
Artificial,adjective,कृत्रिम
Assaulter,noun,हमलावर
All-encompassing,adjective,व्यापक
At play,phrase,क्रियाशील
Clime,noun,जलवायु क्षेत्र
Birch,noun,एक वृक्ष प्रजाति
Chirp,verb,चहचहाना
Bough,noun,शाखा
Acorn,noun,बलूत का फल
Chip in,verb,योगदान देना
Berry,noun,बेरी फल
At long last,phrase,बहुत देर बाद
Clientele,noun,ग्राहक वर्ग
Cumulatively,adverb,सम्मिलित रूप से
Bearable,adjective,सहनीय
As things stand now,phrase,फिलहाल
Analogy,noun,समानता
Capital infusion,noun,पूंजी निवेश
Broaden,verb,विस्तृत करना
A step up,noun,उन्नति
Disturbing,adjective,परेशान करने वाला
Decent,adjective,उचित/सम्मानजनक
A free hand,phrase,पूर्ण स्वतंत्रता
Avatar,noun,रूप
Crimp on,phrasal verb,सीमित करना
Core inflationary pressure,noun,मूल मुद्रास्फीति दबाव
Cash reserve ratio,noun,नकद आरक्षित अनुपात
Enigma,noun,पहेली
Day break,phrase,भोर
Break journey,phrase,यात्रा रोकना
Bid a farewell to,phrase,विदा लेना
Bridge the gulf,phrase,खाई पाटना
Bad blood,phrase,आपसी दुश्मनी
At the last-minute,phrase,आखिरी क्षण में
Chuck,verb,फेंकना
Downstream energy project,noun,उत्पादन-पश्चात ऊर्जा परियोजना
Better-off,adjective,समृद्ध
Crowd out,phrasal verb,बाहर धकेलना
Dissatisfied,adjective,असंतुष्ट
Dissolve,verb,घुल जाना
By one’s count,phrase,अपने अनुमान से
Come to an end,phrase,समाप्त होना
Bound to end,phrase,निश्चित रूप से समाप्त होना
Contentment,noun,संतोष
Baking,adjective,तपता हुआ
Add weight to,phrase,समर्थन देना
Conform (to),verb,अनुरूप होना
Abnormality,noun,असामान्यता
Deserve,verb,योग्य होना
Comical,adjective,हास्यास्पद
Dogged,adjective,दृढ़/हठी
Centurion,adjective,शतकवीर
Admirably,adverb,प्रशंसनीय ढंग से
Call the shots,phrase,नियंत्रण रखना
Elbow out,phrasal verb,बाहर धकेलना
Engrossing,adjective,मनोरंजक
Choker,noun,दबाव में असफल होने वाला
Apartheid,noun,नस्लीय भेदभाव
Dejected,adjective,निराश
Composure,noun,संयम
Eerily,adverb,रहस्यमय ढंग से
Drudgery,noun,कठिन परिश्रम
Bootlegger,noun,तस्कर
At the fag end,phrase,अंतिम चरण में
Deceptively,adverb,भ्रामक रूप से
Acquit,verb,बरी करना
Add teeth to,phrase,मजबूत बनाना
Attractiveness,noun,आकर्षण
Concessional,adjective,रियायती
Custom duty,noun,सीमा शुल्क
Content (with),adjective,संतुष्ट
A tiny sliver of something,phrase,छोटा सा हिस्सा
Appliance,noun,उपकरण
Assassinate,verb,हत्या करना
Elevation,noun,उन्नयन
Doubting Thomases,phrase,संशयवादी लोग
Democratisation,noun,लोकतंत्रीकरण
Disunited,adjective,बिखरा हुआ
Ceaseless,adjective,निरंतर
Caught off-guard,phrase,अनजाने में पकड़ा जाना
Deal blow,phrasal verb,नुकसान पहुँचाना
Divisive,adjective,विभाजनकारी
Congested,adjective,भीड़भाड़ वाला
Asphyxiated,adjective,दम घुटा हुआ
Aggro,noun,परेशानी
Bear the brunt of,phrase,सबसे ज्यादा नुकसान झेलना
China's Entry-Exit Inspection and Quarantine,noun,चीन का आयात-निर्यात निरीक्षण विभाग
Drip irrigation system,noun,टपक सिंचाई प्रणाली
Pause,verb,रुकना
Symbolically,adverb,प्रतीकात्मक रूप से
Intervening hour,noun,मध्यवर्ती समय
Hospitalise,verb,अस्पताल भर्ती करना
Eyewitness,noun,चश्मदीद गवाह
Exhausted,adjective,थका हुआ
Merge,verb,विलय करना
Set the stage for,phrase,मंच तैयार करना
Topple,verb,गिराना
Tawdry,adjective,भड़कीला
Thermal comfort,noun,तापीय आराम
Hydration facility,noun,जल सुविधा
Shield,verb,रक्षा करना
Privileged,adjective,विशेषाधिकार प्राप्त
Simulation,noun,अनुरूपण
Imitation,noun,नकल
Refine,verb,निखारना
Protocol,noun,प्रोटोकॉल
Intubation,noun,श्वास नली में नली डालना
In the works,phrase,तैयारी में
Must,noun,आवश्यकता
Well-regarded,adjective,सम्मानित
Remote,adjective,दूरस्थ
Unintended,adjective,अनजाने में हुआ
Off,preposition,निकट
Sink,verb,डूबना
Short-sighted,adjective,अदूरदर्शी
Tech-heavy,adjective,तकनीक-प्रधान
Induced,adjective,प्रेरित
Inevitability,noun,अनिवार्यता
Irrigation,noun,सिंचाई
Notwithstanding,preposition,के बावजूद
Woefully,adverb,अफ़सोसजनक रूप से
Procurement,noun,खरीद
Landed cost,noun,पहुँच लागत
Substitute,noun,विकल्प
Strategic,adjective,रणनीतिक
Misfire,noun,विफलता
Set back,phrasal verb,बाधित करना
Material losses,noun,भौतिक क्षति
Retaliatory,adjective,प्रतिशोधात्मक
Vaunted,adjective,प्रशंसित
Unconditional,adjective,बिना शर्त
Far-reaching,adjective,दूरगामी
Order,noun,व्यवस्था
In an otherwise,phrase,अन्यथा स्थिति में
Unipolar,adjective,एकध्रुवीय
Over-reliance,noun,अत्यधिक निर्भरता
Lay bare,phrase,उजागर करना
In the defence of,phrase,बचाव में
Projectile,noun,प्रक्षेप्य
Overthrow,verb,सत्ता उलटना
Escalatory,adjective,बढ़ती तीव्रता वाला
Nerve centre,noun,तंत्रिका केंद्र
Pre-empt,verb,पहले से रोकना
Measured,adjective,संतुलित
Resolute,adjective,दृढ़ निश्चयी
Play the double game,phrase,दोहरी चाल चलना
Under an umbrella of,phrase,आड़ में
Overt,adjective,खुला
Perennial,adjective,चिरस्थायी
Radicalised,adjective,कट्टरपंथी
The West,noun,पश्चिमी देश
Point out,phrasal verb,इंगित करना
Normalcy,noun,सामान्य स्थिति
Play into the hands of,phrase,शत्रु के हाथों में खेलना
Respite,noun,राहत
Indirect taxation,noun,अप्रत्यक्ष कराधान
Tally,verb,गिनना
Net,verb,अर्जित करना
Signify,verb,संकेत देना
Thin working capital,noun,न्यून कार्यशील पूँजी
Supervision,noun,निगरानी
Scramble,verb,जल्दबाज़ी करना
Re-alignment,noun,पुनर्गठन
Onerous,adjective,बोझिल
Trans-shipment,noun,पुनःपोतांतरण
Wrangle,verb,बहस करना
Grumble,verb,बड़बड़ाना
Soothingly,adverb,शांतिपूर्वक
Maid,noun,नौकरानी
Bow,verb,झुकना
Scoff,verb,उपहास करना
Meekly,adverb,विनम्रता से
One’s heart desires,phrase,मन की इच्छा
Grandly,adverb,शानदार ढंग से
So forth,phrase,इत्यादि
Foolish,adjective,मूर्खतापूर्ण
Granary,noun,अनाज भंडार
Firmly,adverb,दृढ़ता से
Point at,phrasal verb,इशारा करना
Merchant,noun,व्यापारी
Fabulously,adverb,अद्भुत ढंग से
Skeptics,noun,संशयवादी
Magnificent,adjective,भव्य
Wear,verb,पहनना
Mist,noun,धुंध
Wail,verb,विलाप करना
Of the sort,phrase,उस प्रकार का
Sage,noun,संत
Heap,noun,ढेर
Poke one’s head out of something,phrase,बाहर झाँकना
In time,phrase,समय के साथ
Edge,noun,किनारा
Reach conclusion,phrase,निष्कर्ष निकालना
Gulp,noun,घूँट
Trembling,adjective,काँपता हुआ
Pale,adjective,पीला
Whisper,verb,फुसफुसाना
In vain,phrase,व्यर्थ में
Puddle,noun,छोटा गड्ढा
In dismay,phrase,निराशा में
Give someone the second look,phrase,अनदेखा करना
Miserable,adjective,दुखी
Hermit,noun,वैरागी
Font,noun,स्रोत
Potion,noun,औषधि
Kindle,verb,प्रज्वलित करना
Lack,verb,अभाव होना
Whisker,noun,मूँछ के बाल
Bank,noun,नदी किनारा
Snarl,verb,गुर्राना
In course of time,phrase,समय के साथ
Timidly,adverb,डरते-डरते
Pat,verb,थपथपाना
Triumphantly,adverb,विजयी होकर
Gentleness,noun,कोमलता
Patience,noun,धैर्य
Savage,noun,क्रूर व्यक्ति
Turn over,phrasal verb,सोच-विचार करना
Instinct,noun,सहज बोध
Turn away,phrasal verb,मुँह मोड़ना
Tormentor,noun,सतानेवाला
Tyrant,noun,अत्याचारी
Subject,noun,प्रजा
Far and wide,phrase,दूर-दूर तक
Flea,noun,पिस्सू
Teach someone a lesson,phrase,सबक सिखाना
Roar,verb,दहाड़ना
Nestle,verb,दुबकना
Grain,noun,कण
Terrible,adjective,भयंकर
Temper,noun,मिज़ाज
Not sleep a wink,phrase,नींद न आना
Scrub,verb,रगड़कर साफ करना
Tuck,verb,खोंसना
Stinging,adjective,चुभने वाला
Pull something to pieces,phrase,टुकड़े-टुकड़े करना
Tear up,phrasal verb,फाड़ देना
Trace,verb,पता लगाना
Exterminate,verb,नष्ट करना
Irrepressible,adjective,अदम्य
Throne,noun,सिंहासन
Uncrowned,adjective,अनभिषिक्त
Molar,noun,दाढ़
Fall out,phrasal verb,गिर जाना
Humiliated,adjective,अपमानित
Grin,verb,मुस्कुराना
In delight,phrase,खुशी में
Intently,adverb,ध्यानपूर्वक
Mock,verb,उपहास करना
Ape,noun,वानर
Veterinarian,noun,पशु चिकित्सक
Intrigue,verb,आकर्षित करना
Stun,verb,चकित करना
Heart and soul,phrase,पूरे मन से
Rage,verb,क्रोधित होना
Movement,noun,आंदोलन
Seed,verb,आरंभ करना
Hub,noun,केंद्र
Soft power,noun,सॉफ्ट पावर
Inseparable,adjective,अविभाज्य
Impaired,adjective,बाधित
Symbolism,noun,प्रतीकवाद
Sanctuary,noun,शरणस्थल
Timeless,adjective,कालातीत
Theft,noun,चोरी
Large language model,noun,बड़ा भाषा मॉडल
Reckon (with),verb,सामना करना
Unaccountable,adjective,अनियंत्रित
Graphics processing units (GPU),noun,ग्राफिक्स प्रोसेसिंग यूनिट
Existentially,adverb,मौलिक रूप से
Heist,noun,डकैती
Wave,noun,लहर
Peel away,phrasal verb,अलग करना
Web-charged,adjective,इंटरनेट-प्रेरित
Short-charge,verb,कम भुगतान करना
Precarious,adjective,अस्थिर
Reluctance,noun,अनिच्छा
Market capitalisation,noun,बाज़ार पूँजीकरण
Synthesise,verb,संश्लेषित करना
Monetised,adjective,मुद्रीकृत
Pretend,verb,दिखावा करना
Victimless,adjective,निर्दोष
Hoover up,phrasal verb,बटोरना
To this end,phrase,इस उद्देश्य से
Flow back,phrasal verb,वापस लौटना
Walled garden,noun,बंद उद्यान (सीमित पहुँच)
Footnote,noun,पाद-टिप्पणी
Scrape,verb,निकालना (डेटा)
Trove,noun,संग्रह
Marked,adjective,स्पष्ट
Stand (at),verb,पर स्थित होना
Fragile,adjective,नाज़ुक
Socioeconomic,adjective,सामाजिक-आर्थिक
Social mobility,noun,सामाजिक गतिशीलता
Push the envelope,phrase,सीमाओं से आगे बढ़ना
Monk,noun,साधु
Meditation,noun,ध्यान
Mat,noun,चटाई
Hermitage,noun,आश्रम
Shan’t,modal verb,नहीं करूँगा
Monastery,noun,मठ
Intrigued,adjective,जिज्ञासु
Grab,verb,पकड़ना
Robe,noun,वस्त्र
Itchy,adjective,खुजली वाला
Poke one’s head round the door,phrase,झाँकना
Present,noun,उपहार
Slam,verb,ज़ोर से बंद करना
Scrabbling,adjective,टटोलना
Sack,noun,बोरा
Steady,adjective,स्थिर
Passage,noun,गलियारा
Sweep up,phrasal verb,साफ करना
The whining kind,noun,शिकायती स्वभाव वाला
Whiner,noun,शिकायती व्यक्ति
Major,adjective,प्रमुख
Fortitude,noun,धैर्यशक्ति
Pleasant,adjective,सुखद
Inconvenience,noun,असुविधा
Inconvenient,adjective,असुविधाजनक
Lumpy,adjective,ऊबड़-खाबड़
Lump,noun,गाँठ
Oatmeal,noun,दलिया
Griping,noun,शिकायत करना
Whine,verb,रोना-धोना
Prestigious,adjective,प्रतिष्ठित
Progressively,adverb,क्रमशः
Famed,adjective,प्रसिद्ध
Grass-court seeding formula,noun,घास-कोर्ट वरीयता सूत्र
Line judge,noun,लाइन जज
Verdant,adjective,हरा-भरा
Pomp,noun,तड़क-भड़क
Glazed,adjective,चमकदार
Pristine,adjective,निर्मल
Rivalry,noun,प्रतिद्वंद्विता
Pedigree,noun,वंशावली
Runner-up,noun,उपविजेता
Beat,verb,हराना
Notable,adjective,उल्लेखनीय
Stuck (in),adjective,फँसा हुआ
Vicious cycle,noun,दुष्चक्र
Litigation,noun,मुक़दमेबाज़ी
Keep the flag flying,phrase,मान बनाए रखना
Heaven,noun,स्वर्ग
Fond (of),adjective,स्नेही
Ruby,noun,माणिक
Silken bag,noun,रेशमी थैली
Pleased,adjective,प्रसन्न
Speed through,phrasal verb,तेज़ी से गुज़रना
Feast,noun,भोज
Twig,noun,टहनी
Pass by,phrasal verb,पास से गुज़रना
Knock down,phrasal verb,गिरा देना
Swoon,verb,बेहोश होना
Intend (for),verb,इरादा रखना
Reel,verb,लड़खड़ाना
Scorching,adjective,चिलचिलाती
Gaze,noun,निगाह
Pit,noun,गड्ढा
Sapphire,noun,नीलम
Unparalleled,adjective,अद्वितीय
Ethnicity,noun,जातीयता
Reaffirmation,noun,पुनः पुष्टि
Unity,noun,एकता
Root,noun,मूल
Symbolic,adjective,प्रतीकात्मक
Integrity,noun,अखंडता
Federal,adjective,संघीय
Unitary,adjective,एकात्मक
In spirit,phrase,मूलतः
Existence,noun,अस्तित्व
Supposed (to),adjective,अपेक्षित
Truest,adjective,सर्वाधिक सच्चा
Long live,phrase,चिरंजीवी हो
Religiosity,noun,धार्मिकता
Spiritual orientation,noun,आध्यात्मिक रुझान
Theist,noun,आस्तिक
Statistically,adverb,सांख्यिकीय रूप से
Void,adjective,रिक्त
Ethical,adjective,नैतिक
Hypocrisy,noun,पाखंड
Glorify,verb,महिमामंडित करना
Lawmaker,noun,विधायक
Garner,verb,अर्जित करना
Tech-saturated,adjective,तकनीक-संतृप्त
Intuition,noun,अंतर्ज्ञान
Sharpen,verb,निखारना
Innate,adjective,सहज
Head,verb,दिशा में बढ़ना
On edge,phrase,बेचैन
World order,noun,विश्व व्यवस्था
Take a turn,phrase,मोड़ लेना
In the fray,phrase,संघर्ष में शामिल
Hit,verb,प्रहार करना
Bid,noun,प्रयास
Hardship,noun,कठिनाई
Ripple effect,noun,तरंग प्रभाव
Imperil,verb,खतरे में डालना
Tightrope walk,phrase,नाज़ुक संतुलन
Mediator,noun,मध्यस्थ
Narrowing,adjective,संकुचित होता
Precisely,adverb,ठीक-ठीक
Statesmanship,noun,राजनयिक कुशलता
Mediation,noun,मध्यस्थता
The Global South,noun,वैश्विक दक्षिण
Strike a tone,phrase,स्वर अपनाना
Unilateral,adjective,एकतरफ़ा
Jackal,noun,सियार
Wrought,adjective,निर्मित
Strut,verb,इतराना
Fall in line,phrase,अनुशासन में आना
Rant,verb,भड़कना (बोलकर)
Take off,phrasal verb,उतारना
Renowned,adjective,प्रसिद्ध
Sutra,noun,धर्मसूत्र
Lug,verb,ढोना
Snap,verb,तीखा जवाब देना
Venerable,adjective,आदरणीय
Precious,adjective,बहुमूल्य
Goddess,noun,देवी
Lap,noun,गोद
Glide,verb,सरकना
Snack,verb,नाश्ता करना
In a fit of rage,phrase,क्रोधावेश में
Flexible inflation targeting (FIT),noun,लचीला मुद्रास्फीति लक्ष्यीकरण
Outsized,adjective,अत्यधिक बड़ा
Fractile,noun,विभाजन बिंदु
Preference,noun,पसंद
Wryly,adverb,व्यंग्यात्मक ढंग से
Retail price index,noun,खुदरा मूल्य सूचकांक
Minimise,verb,कम करना
Hold someone to account,phrase,जवाबदेह ठहराना
The new normal,noun,नई सामान्य स्थिति
The real economy,noun,वास्तविक अर्थव्यवस्था
Underlie,verb,आधार बनना
Turn out,phrasal verb,साबित होना
Intake,noun,सेवन
Macronutrient,noun,स्थूल पोषक तत्व
Steak,noun,मांस का टुकड़ा
Spoil,verb,बिगाड़ना
Needlessly,adverb,अनावश्यक रूप से
Grainy footage,noun,धुंधली फुटेज
Nerdy,adjective,किसी विषय में गहरी रुचि रखने वाला
Obsession,noun,जुनून
Stardom,noun,सितारा प्रसिद्धि
Nonsensical,adjective,बेतुका
Substance,noun,गंभीरता
Grabbing,adjective,ध्यान खींचने वाला
Lived,adjective,अनुभवजन्य
Tone,noun,स्वर
Telling,adjective,संकेतक
Glitch,noun,तकनीकी खराबी
Proliferation,noun,तेज़ी से फैलाव
Prompt-driven,adjective,संकेत-आधारित
Polished,adjective,परिष्कृत
Ingenuity,noun,सूझबूझ
Whimsy,noun,चंचल कल्पनाशीलता
Steal the show,phrase,ध्यान आकर्षित करना
Boom,verb,फलना-फूलना
Train,verb,प्रशिक्षित करना
Level the field,phrase,समान अवसर देना
Microsoft-backed,adjective,समर्थित
Off the block,phrase,शुरुआत में
Monetise,verb,मुद्रीकरण करना
Workforce,noun,कार्यबल
Notion,noun,धारणा
Speed up,phrasal verb,तेज़ करना
Proprietary,adjective,स्वामित्व वाला
Run away,phrasal verb,आगे निकल जाना
Prism,noun,दृष्टिकोण
Paleolithic,noun,पुरापाषाण युग
Simply put,phrase,संक्षेप में कहें तो
Temporal,adjective,सांसारिक
Predict,verb,भविष्यवाणी करना
In the offing,phrase,आसन्न
Laureate,noun,पुरस्कार विजेता
Flag,verb,चिह्नित करना
Obsolete,adjective,पुराना (अप्रचलित)
Labour,noun,श्रम
In essence,phrase,मूलतः
Paper over,phrasal verb,ढँकना (छिपाना)
Ethereal,adjective,स्वप्निल
Lucrative,adjective,लाभदायक
Impending,adjective,आसन्न (होने वाला)
Nanny,noun,आया
Price pressure,noun,मूल्य दबाव
Recede,verb,पीछे हटना
Long-period average,noun,दीर्घ-अवधि औसत
Sow,verb,बोना
Frontload,verb,आरंभ में अधिक भार डालना
Opt for,phrasal verb,चुनना
Undergird,verb,आधार देना
Mastermind,verb,षड्यंत्र रचना
Make amends,phrase,क्षतिपूर्ति करना
Put something into perspective,phrase,परिप्रेक्ष्य में रखना
Hold out,phrasal verb,पेश करना
Recommit,verb,पुनः प्रतिबद्ध होना
Victim,noun,पीड़ित
Paradigm shift,phrase,आमूल परिवर्तन
Anew,adverb,नए सिरे से
Kick in,phrasal verb,लागू होना
Tweak,verb,थोड़ा सुधार करना
Insure,verb,सुनिश्चित करना
Imploration,noun,प्रार्थना
Tacit,adjective,अव्यक्त
Moratorium,noun,स्थगन
Interest subvention,noun,ब्याज सहायिकी
Rent apart,phrasal verb,अलग हो जाना
Standoff,noun,गतिरोध
Pilgrimage,noun,तीर्थयात्रा
In principle,phrase,सिद्धांततः
Presumably,adverb,संभवतः
Transgress,verb,उल्लंघन करना
Restoration,noun,पुनर्स्थापना
Tranquillity,noun,शांति
Normalise,verb,सामान्य बनाना
Patrolling,noun,गश्त
Revelation,noun,रहस्योद्घाटन
Sweep under the carpet,phrase,छिपा देना
Minutiae,noun,बारीकियाँ
With the sort of,phrase,उस तरह के साथ
Utilitarian,adjective,व्यावहारिक (उपयोगितावादी)
Functionality,noun,कार्यक्षमता
Roomy,adjective,विशाल (कक्ष)
Multitude,noun,भीड़
Nestle (in),verb,दुबकना
Unintentional,adjective,अनजाने में हुआ
Layout,noun,रूपरेखा
Variable,adjective,परिवर्तनशील
Metabolic rate,noun,चयापचय दर
Pool,noun,समूह
Tyranny,noun,अत्याचार
Masquerade,verb,स्वांग रचना
Quirk,noun,विचित्रता
Deep,adjective,गहरा
Nomination,noun,नामांकन
Nominate,verb,नामांकित करना
Remit,noun,कार्यक्षेत्र
Sanctioned,adjective,स्वीकृत
Justification,noun,औचित्य
Statutory,adjective,वैधानिक
Potentially,adverb,संभावित रूप से
Inadequately,adverb,अपर्याप्त रूप से
Vice-versa,adverb,इसके विपरीत
Subvert,verb,कमज़ोर करना
Unsubstantiated,adjective,असत्यापित
Statehood,noun,राज्यत्व
Realm,noun,क्षेत्र
Seen in this light,phrase,इस दृष्टि से देखें तो
Hold water,phrase,टिकाऊ होना (तर्कसंगत)
Go up in smoke,phrase,धुआँ हो जाना (नष्ट होना)
Norm,noun,मानदंड
Rollback,noun,वापसी (नीति की)
Significant,adjective,महत्वपूर्ण
Geography,noun,भूगोल
Take precedence (over),phrase,प्राथमिकता लेना
Monitoring,noun,निगरानी
Foot the bill,phrase,खर्च वहन करना
Subsidise,verb,सब्सिडी देना
Umbrella scheme,noun,छत्र योजना
Pet,noun modifier,प्रिय (चहेता)
Subsume (in),verb,समाहित करना
Intensity,noun,तीव्रता
Uniformity,noun,एकरूपता
Keen (to),adjective,उत्सुक
It remains to be seen,phrase,देखना बाकी है
For the larger good,phrase,बड़े हित में
Sowing,noun,बुवाई
Promote,verb,बढ़ावा देना
Ethanol-blended,adjective,एथेनॉल-मिश्रित
Push,verb,बढ़ावा देना
Import Substitution,noun,आयात प्रतिस्थापन
Rot,verb,सड़ना
Ramp up,phrasal verb,बढ़ाना
Dent,verb,नुकसान पहुँचाना
Outgo,noun,व्यय (बहिर्गमन)
Loop,noun,श्रृंखला
Reflect (in),verb,दर्शाना
Way-out,noun,निकास मार्ग
Incarnate,verb,साकार करना
Ups and downs,phrase,उतार-चढ़ाव
Outdated,adjective,पुराना (अप्रचलित)
Kindergarten,noun,बाल विद्यालय
Outward,adjective,बाहरी
Rejuvenating,adjective,तरोताज़ा करने वाला
Tendency,noun,प्रवृत्ति
Nervousness,noun,घबराहट
Melancholy,noun,उदासी
Tack,noun,रणनीति (रुख)
Sinatra-ian,adjective,शानदार अंदाज़ वाला
Rat pack,noun,चुनिंदा समूह
Nit-Piketty,noun,असमानता विश्लेषक
Plethora,noun,अधिकता
Quite,adverb,पूरी तरह से
Megacapitalist,noun,अति-धनाढ्य
The likes of,phrase,जैसे लोग
Pros and cons,phrase,गुण-दोष
Meme fodder,noun,मीम सामग्री
Titan,noun,दिग्गज
Signified,adjective,संकेतित
Pay peanuts,noun,कम भुगतान करना
Philanthropy,noun,परोपकार
Raise eyebrows,phrase,आश्चर्यचकित करना
Jujitsu,noun,चतुर चाल
Pivot,verb,रुख बदलना
Likeability,noun,आकर्षकता (लोकप्रियता)
Oligarch,noun,कुलीनतंत्री
Gatsby,noun,धनाढ्य व्यक्ति (प्रतीक)
Rest (on),verb,आधारित होना
Stated,adjective,घोषित
Money laundering,noun,धन शोधन
Seriousness,noun,गंभीरता
Way out,noun,समाधान
Replete (with),adjective,भरा हुआ
Suspend,verb,रोक देना
Light-touch,adjective,हल्का नियमन
Fantasy,noun,काल्पनिक
Veer,verb,झुकाव लेना
Redressal,noun,निवारण
Negotiator,noun,मध्यस्थ (वार्ताकार)
Weaponisation,noun,हथियारीकरण
Stand firm,phrase,दृढ़ रहना
Unjustified,adjective,अनुचित
Red line,noun,निषेध रेखा
Ostensibly,adverb,जाहिरा तौर पर
Hard-headed,adjective,व्यावहारिक (कठोर)
Realism,noun,यथार्थवाद
To a such extent,phrase,इस हद तक
Seen through the prism,phrase,नज़रिये से देखा जाए तो
Umbrage,noun,नाराज़गी
Multi-drug-resistant TB,noun,बहु-औषधि प्रतिरोधी टीबी
Span,noun,पुल का हिस्सा
Pedestrian,adjective,पैदल यात्रियों से संबंधित
Slab,noun,पटिया
Hoist,verb,उठाना
Girder,noun,गर्डर (धरन)
Toddler,noun,छोटा बच्चा
Peri-urban,adjective,शहरी-सीमांत
Upkeep,noun,रखरखाव
Rehabilitative,adjective,पुनर्वासात्मक
Rejuvenation,noun,कायाकल्प
Relics,noun,अवशेष
Excavate,verb,खुदाई करना
Remnant,noun,शेष भाग
Remains,noun,अवशेष
Resurface,verb,फिर से सामने आना
Repatriate,verb,वापस भेजना
Irreplaceable,adjective,अपूरणीय
Heritage,noun,विरासत
Set the precedent,phrase,मिसाल कायम करना
Steward,noun,संरक्षक
Reveal,verb,उजागर करना
Vex,verb,परेशान करना
Revealing,adjective,उजागर करने वाला
Spearhead,verb,नेतृत्व करना
Philanthropic,adjective,परोपकारी
Mobilise,verb,संगठित करना
Residue,noun,शेष अवशेष
Funeral,noun,अंतिम संस्कार
Pyre,noun,चिता
Fell,verb,काटना (गिराना)
Pellet,noun,संपीड़ित गोली
Parali,noun,पराली
Lobby,noun,दबाव समूह
Practice,noun,प्रथा
Localized,adjective,स्थानीयकृत
Spotlight,noun,केंद्रबिंदु (प्रकाश में)
Induct,verb,शामिल करना
In addition,phrase,इसके अतिरिक्त
Hold up,phrasal verb,रोकना (विलंबित करना)
Play a role,phrase,भूमिका निभाना
Global South,noun,वैश्विक दक्षिण
Stern,adjective,सख्त
Push back,phrasal verb,विरोध करना
Forbearance,noun,सहनशीलता
Aide,noun,सहायक
Unreasonable,adjective,अनुचित
Stand up to,phrase,डटकर सामना करना
Sovereignty,noun,संप्रभुता
Manipulate,verb,चालाकी से नियंत्रित करना
Sovereign credit rating,noun,संप्रभु साख निर्धारण
Pessimistic,adjective,निराशावादी
Material,adjective,महत्वपूर्ण (ठोस)
Government deficit,noun,सरकारी घाटा
Aim,verb,लक्ष्य रखना
Habitable,adjective,रहने योग्य
Reckless,adjective,लापरवाह
Melt,verb,पिघलना
Greenhouse gas,noun,ग्रीनहाउस गैस
In earnest,phrase,गंभीरता से
Strive,verb,संघर्ष करना
Forum,noun,मंच (सभा)
Set against the backdrop,phrase,पृष्ठभूमि में रखकर
Standout,adjective,असाधारण
Human capital,noun,मानव पूँजी
Roadmap,noun,रूपरेखा (योजना)
Stag,noun,हिरण
Guard,verb,रक्षा करना
Terribly,adverb,अत्यंत
Surety,noun,ज़मानत (गारंटी)
Trick,noun,छल
Ungrateful,adjective,कृतघ्न
Scoundrel,noun,दुष्ट
Startled,adjective,चौंका हुआ
Turn of events,phrase,घटनाओं का मोड़
Flee,verb,भाग जाना
Set to,phrasal verb,तैयार
Feat,noun,उपलब्धि
Lustre,noun,चमक
Stand testament to,phrase,प्रमाण होना
Lawn,noun,लॉन (घास का मैदान)
Juncture,noun,मोड़ (अवसर)
Serve,verb,पूरा करना (सेवा)
Ethics,noun,नैतिकता
The Spaniard,noun,स्पैनियार्ड (यहाँ कार्लोस अल्काराज़)
Roland-Garros,noun,रोलां गैरों टूर्नामेंट
The Italian,noun,इतालवी खिलाड़ी (यहाँ यानिक सिनर)
The Pole,noun,पोलिश खिलाड़ी (यहाँ इगा स्वियातेक)
Slide down,phrasal verb,गिरना (नीचे आना)
Least-favoured,adjective,सबसे कम पसंदीदा
Resurrect,verb,पुनर्जीवित करना
Wide-ranging,adjective,व्यापक
Spar in,phrasal verb,मुक़ाबला करना
Suspension,noun,निलंबन
Theirs,noun,उनका (आपसी)
Pre-eminent,adjective,अग्रणी
Satiated,adjective,तृप्त
Follow-up,noun,अनुवर्ती (परिणाम)
Duel,noun,द्वंद्व
Head and shoulders above,phrase,बहुत बेहतर
Gulf,noun,अंतर (खाई)
The Triumvirate,noun,त्रिमूर्ति
Atop,preposition,ऊपर
The leading light,phrase,अग्रणी व्यक्ति
Primed,adjective,तैयार (सुसज्जित)
Trail,noun,पदचिह्न (अनुसरण)
Inundate,verb,बाढ़ में डुबोना
Surging,adjective,उमड़ता हुआ
Swing,verb,उतार-चढ़ाव होना
The extremes,noun,चरम सीमाएँ
Slope,noun,ढलान
Erraticism,noun,अनियमितता
Unforeseeable,adjective,अप्रत्याशित
Frame,verb,प्रस्तुत करना
Learn the lesson,phrase,सबक लेना
Sans,preposition,रहित
Irreversibly,adverb,अपरिवर्तनीय रूप से
Silt,noun,गाद
Evacuation,noun,निकासी (स्थानांतरण)
Preparedness,noun,तैयारी
Repeatedly,adverb,बार-बार
Unstable,adjective,अस्थिर
Post facto,preposition,घटना के बाद
Stay the course on,phrase,डटे रहना
Submarine,noun,पनडुब्बी
Provocative,adjective,उकसाने वाला
Frustration,noun,निराशा (कुंठा)
Insist (on),verb,ज़ोर देना
Hold the line,phrase,डटे रहना
Nevertheless,adverb,फिर भी
Sabre-rattling,noun,धमकी भरा प्रदर्शन
Step in the direction,phrase,दिशा में कदम
Get off to a good start,phrase,अच्छी शुरुआत करना
Line of credit,noun,साख सीमा (ऋण सुविधा)
Reciprocate,verb,बदले में देना
MoUs,noun,समझौता ज्ञापन
Meteorological,adjective,मौसम संबंधी
Trilateral,adjective,त्रिपक्षीय
Preoccupied (with),adjective,तल्लीन
Heartening,adjective,उत्साहवर्धक
Voyager,noun,यात्री (नाविक)
Shore up,phrasal verb,मजबूत करना
Trailblazer,noun,अग्रदूत
Grandmaster title,noun,ग्रैंडमास्टर उपाधि
Past,preposition,पार करके
Meteoric,adjective,उल्कापिंड जैसा तीव्र
Former,adjective,पूर्व
Powerhouse,noun,शक्ति केंद्र
Representation,noun,प्रतिनिधित्व
Sterilisation,noun,नसबंदी
Pound,noun,पशु आश्रय
Lethargy,noun,सुस्ती
Rabies,noun,रेबीज़
Post-exposure,noun,संपर्क के बाद
Prophylaxis,noun,रोकथाम उपचार
Neuter,verb,बधिया करना
Forbid,verb,निषेध करना
Relocate,verb,स्थानांतरित करना
Rabid,adjective,रेबीज़ग्रस्त (उग्र)
Incurably,adverb,असाध्य रूप से
Swell,verb,बढ़ना (फूलना)
Sporadic,adjective,छिटपुट
Nowhere,adverb,कहीं नहीं
Pack,noun,झुंड
Impoundment,noun,निरोध (कब्ज़ा)
Prosecute,verb,मुकदमा चलाना
Obey,verb,पालन करना
Footprint,noun,पदचिह्न (प्रभाव)
Informal settlement,noun,अनौपचारिक बस्ती
Ideological,adjective,वैचारिक
Regard (as),verb,मानना (समझना)
Oppression,noun,उत्पीड़न
Take account of,phrase,ध्यान में रखना
Statute,noun,कानून (अधिनियम)
Sociable,adjective,मिलनसार
Euthanasia,noun,इच्छामृत्यु
Residual,adjective,अवशिष्ट
Morbidity,noun,रुग्णता
Swap,verb,अदल-बदल करना
Menace,noun,खतरा
Slammer,noun,जेल
Sweat small stuff,phrase,छोटी बातों की चिंता न करना
Hanker,verb,तरसना
Fruit,noun,फल (परिणाम)
Hold on to something,phrase,थामे रहना
Peace,noun,शांति
God-ordained,adjective,ईश्वर-नियत
Scheme of things,phrase,चीज़ों की योजना
Fable,noun,नीति-कथा
Ends,noun,उद्देश्य
Rallying point,noun,एकजुटता का केंद्र
Redistribute,verb,पुनर्वितरण करना
Outsize,verb,बहुत बड़ा करना
Tie (to),verb,जोड़ना
Labour immobility,noun,श्रम की अचलता
Offload,verb,उतार देना (ज़िम्मेदारी)
Shareholder,noun,हिस्सेदार
Rescue,verb,बचाना
Illuminate,verb,स्पष्ट करना
Intent,noun,मंशा
Bloc,noun,गुट (संगठन)
Shadow fleet,noun,छाया बेड़ा
Vessel,noun,पोत
Service,verb,संचालित करना
Port,noun,बंदरगाह
Maritime,adjective,समुद्री
In addition to,phrase,के अतिरिक्त
Make sense,phrase,तर्कसंगत लगना
Remains to be seen,phrase,देखना अभी बाकी है
Fallout,noun,परिणाम (दुष्प्रभाव)
Intertwined,adjective,आपस में जुड़ा हुआ
Prioritise,verb,प्राथमिकता देना
Learn by rote,phrase,रटकर याद करना
Frantic,adjective,अफरातफरी भरा
Open-book assessment,noun,खुली-किताब मूल्यांकन
Pedagogically,adverb,शैक्षणिक दृष्टि से
Rote learning,noun,रटंत विद्या
Thoughtful,adjective,विचारशील
Multi-disciplinary,adjective,बहु-विषयक
Rewire,verb,पुनर्गठित करना
Recast,verb,नए सिरे से गढ़ना
Execution,noun,क्रियान्वयन
Strike a note of,phrase,स्वर व्यक्त करना
Shelve,verb,स्थगित करना
Pilot study,noun,प्रायोगिक अध्ययन
Grasp,verb,समझना
Interdisciplinary,adjective,अंतर-विषयक
Under-resourced,adjective,संसाधन-विहीन
Restructuring,noun,पुनर्गठन
Rationalisation,noun,तर्कसंगतीकरण
Overwhelm,verb,अभिभूत करना
Boon,noun,वरदान
Suffering,noun,पीड़ा
Pleasure,noun,आनंद
Forgotten,adjective,भुला दिया गया
Get on with our lives,phrase,आगे बढ़ते रहना
Wrap up,phrasal verb,समाप्त करना
Worldly,adjective,सांसारिक
Spiritual,adjective,आध्यात्मिक
Limiting,adjective,सीमित करने वाला
Treaty,noun,संधि
Stubborn,adjective,ज़िद्दी
Vortex,noun,भँवर
Ubiquitous,adjective,सर्वव्यापी
Practicability,noun,व्यवहार्यता
Reliance,noun,निर्भरता
Short-lived,adjective,अल्पकालिक
Mismanage,verb,कुप्रबंधन करना
Litter,noun,कूड़ा-कचरा
Fossilised crude,noun,जीवाश्म कच्चा तेल
Limited,adjective,सीमित
Pile up,phrasal verb,ढेर लगना
Non-biodegradable,adjective,गैर-जैवनिम्नीकरणीय
Marine,adjective,समुद्री
Swamp,verb,जलमग्न कर देना
Wash up on one’s shores,phrase,किनारे बह आना
Toxicity,noun,विषाक्तता
The halcyon days,phrase,स्वर्णिम दिन
Incontrovertible,adjective,निर्विवाद
Sweeping,adjective,व्यापक
Universal,adjective,सार्वभौमिक
Inclusion,noun,समावेशन
Scratch beneath the surface,phrase,गहराई से जांचना
Omission,noun,चूक (लोप)
Grand,adjective,भव्य
Persistence,noun,दृढ़ता (लगन)
Vagary,noun,सनक
Timely,adjective,समयोचित
Sidestep,verb,टालना
Raise question,phrase,सवाल उठाना
Overlap,verb,आपस में मेल खाना
Redundant,adjective,अनावश्यक
Hard-fought,adjective,कड़ा मुकाबला
Gripping,adjective,रोमांचक
The Oval,noun,ओवल क्रिकेट मैदान
Well-contested,adjective,अच्छी टक्कर वाला
In one’s backyard,phrase,अपने ही घर में
Whimsical,adjective,अनियमित (सनकी)
The best-laid plan,noun,सर्वोत्तम योजना
Rousing,adjective,उत्साहवर्धक
Warm-up game,noun,अभ्यास मैच
Regain,verb,पुनः प्राप्त करना
Prone,adjective,प्रवृत्त (जोखिमग्रस्त)
Seen in that light,phrase,उस दृष्टि से देखें तो
Verve,noun,जोश
Testament,noun,प्रमाण
The tail,noun,निचला बल्लेबाजी क्रम
Wilt,verb,मुरझाना (कमज़ोर पड़ना)
Unfortunate,adjective,दुर्भाग्यपूर्ण
In a while,phrase,थोड़ी देर में
Seamer,noun,तेज़ गेंदबाज़
Lose one’s radar,phrase,सटीकता खोना
In transition,phrase,संक्रमण की स्थिति में
Teething issues,phrase,शुरुआती समस्याएँ
Rugged,adjective,मज़बूत (कठोर)
Lay stress on,phrase,ज़ोर देना
Shower,verb,बरसाना (उपहार आदि)
Praise,noun,प्रशंसा
Refrain,noun,बार-बार आने वाला विषय
Sow the seeds of,phrase,बीज बोना (शुरुआत करना)
Thinly,adverb,हल्के ढंग से
Infiltration,noun,घुसपैठ
Substantive,adjective,ठोस (महत्वपूर्ण)
Preview,verb,पूर्वावलोकन देना
Laud,verb,सराहना करना
Rev up,phrasal verb,तेज़ करना
Great leveller,noun,महान समानताकार (मृत्यु)
Flash flood,noun,अचानक बाढ़
Staggering,adjective,आश्चर्यजनक
Muscle memory,noun,मांसपेशी स्मृति
Mindful (of),adjective,सचेत (सजग)
Incubator,noun,विकास केंद्र
Seize the moment,phrase,अवसर भुनाना
Livestock rearer,noun,पशुपालक
Fisherfolk,noun,मछुआरा समुदाय
Stalled,adjective,रुका हुआ
Formalise,verb,औपचारिक बनाना
Hardening,noun,कड़ा होना (कठोर होना)
Give-and-take,phrase,आदान-प्रदान
More so,phrase,विशेष रूप से
Sell-out,noun,विश्वासघात
Muddy the waters,phrase,स्थिति को उलझाना
Likewise,adverb,इसी तरह
Illustrate,verb,स्पष्ट करना (उदाहरण से)
Reap (in),verb,लाभ प्राप्त करना
Non-adversarial,adjective,गैर-टकरावपूर्ण
Scope,noun,क्षेत्र (दायरा)
Forgiving,adjective,क्षमाशील
Forgiveness,noun,क्षमा
Impression,noun,प्रभाव (छाप)
Grateful,adjective,कृतज्ञ
Vengeful,adjective,प्रतिशोधी
Soak,verb,भिगोना
Grudge,noun,मनमुटाव
Unite,verb,एकजुट करना
Let,verb,अनुमति देना
Obesity,noun,मोटापा
Sensibly,adverb,समझदारी से
To begin with,phrase,शुरुआत में
Rapidly,adverb,तेज़ी से
Hypertension,noun,उच्च रक्तचाप
Susceptibility (to),noun,संवेदनशीलता (जोखिम)
Fallacy,noun,भ्रांति
Obese,adjective,मोटा
The well-to-do,noun,संपन्न वर्ग
Upend,verb,उलट देना
Waist,noun,कमर
Incidence,noun,घटना दर
Rustle up,phrasal verb,जल्दी से तैयार करना
Food/fuel for thought,phrase,सोचने योग्य बात
Sharp,adjective,अचानक तेज़
Give something a new lease of life,phrase,नई ऊर्जा देना
On several counts,phrase,कई मायनों में
Incur,verb,वहन करना (हानि)
Slash,verb,घटाना
Bear,verb,सहन करना
Fits the description,phrase,मेल खाना
Self-sustaining,adjective,आत्मनिर्भर
Feedstock,noun,कच्चा माल
Mountainous,adjective,पहाड़ी
Ate,verb,खाया
Unload,verb,उतारना (माल)
Settle down,phrasal verb,आराम करना
Nap,noun,झपकी
Loaves,noun,ब्रेड की टिक्की
Get up,phrasal verb,उठना (जागना)
Tersely,adverb,संक्षेप में
Ravenous,adjective,अत्यंत भूखा
Quaver,verb,कांपना (आवाज़ का)
Strength,noun,शक्ति
Graveyard,noun,कब्रिस्तान
Outrage,noun,आक्रोश
Malnutrition,noun,कुपोषण
Skeletal,adjective,अत्यंत दुबला
Intend,verb,इरादा रखना
Expel,verb,निकाल देना
Verbal,adjective,मौखिक
Rogue,adjective,बदमाश
Beg,verb,विनती करना
Retort,verb,जवाब देना
Dive,verb,गोता लगाना
Pop out,phrasal verb,बाहर निकलना
Menacing,adjective,धमकी भरा
The turn of this century,phrase,इस सदी का मोड़
Interplay,noun,आपसी संबंध
Total Fertility Rate,noun,कुल प्रजनन दर
Illiteracy,noun,निरक्षरता
Shortcoming,noun,कमी (त्रुटि)
Keep pace,phrase,गति बनाए रखना
Skillfully,adverb,कुशलता से
Prey,noun,शिकार
Duo,noun,जोड़ी
Flew off,phrasal verb,उड़ गया
Yell out,phrasal verb,ज़ोर से चिल्लाना
Ferrying,noun,ढुलाई
For a while,phrase,थोड़ी देर के लिए
Peek,noun,झलक
Lid,noun,ढक्कन
Runaway,adjective,बेकाबू
Orbs,noun,गोले (नेत्र)
Settle,verb,बैठना (टिकना)
Shrivel up,phrasal verb,सिकुड़ जाना
On top of,phrase,के अतिरिक्त
Quantum,noun,मात्रा (परिमाण)
Tighten the noose,phrase,दबाव बढ़ाना
Matter-of-fact,adjective,व्यावहारिक (सपाट)
In the best of times,phrase,अच्छे समय में भी
Standpoint,noun,दृष्टिकोण
Righteousness,noun,धार्मिकता (सदाचार)
Untram melled,adjective,अनियंत्रित
Weaponise,verb,हथियार बनाना
Problematic,adjective,समस्यामूलक
Grey area,noun,अस्पष्ट क्षेत्र
Humour,noun,हास्य
Progressive,adjective,प्रगतिशील
Ferociously,adverb,उग्रता से
Instrumentalise,verb,उपकरण की तरह उपयोग करना
Overbearing,adjective,दबंग
Proceed,verb,आगे बढ़ना
Incite,verb,उकसाना
Recourse,noun,सहारा (उपाय)
Legitimately,adverb,वैध रूप से
Mala fide,adjective,दुर्भावनापूर्ण
Lord,noun,स्वामी
Feudal,adjective,सामंती
Punitive,adjective,दंडात्मक
Make clear,phrase,स्पष्ट करना
Waiver,noun,छूट
Senator,noun,सांसद (सीनेटर)
Rebuttal,noun,खंडन
Manoeuvre,noun,चाल (रणनीति)
Seize the opportunity,phrase,अवसर भुनाना
Loophole,noun,खामी
Simultaneously,adverb,साथ-साथ
It is high time,phrase,अब समय आ गया है
Massive,adjective,विशाल
Bend,verb,मोड़ना
Stir,verb,जगाना (उकसाना)
Ticking water bomb,phrase,आसन्न बड़ा खतरा
Unease,noun,बेचैनी
Untapped,adjective,अप्रयुक्त
Predicament,noun,दुविधा
Riparian,adjective,नदी-तट संबंधी
River-fed,adjective,नदी-पोषित
Tributary,noun,सहायक नदी
Inundation,noun,बाढ़ (जलप्लावन)
Unfounded,adjective,निराधार
Task,verb,ज़िम्मेदारी सौंपना
Pre-feasibility,noun,पूर्व-व्यवहार्यता अध्ययन
In the opposition,phrase,विरोध में
Rapprochement,noun,सुलह (मेल-मिलाप)
Plague,verb,सताना (परेशान करना)
Uneasy,adjective,तनावपूर्ण
Look up,phrasal verb,सुधरना
Thaw,noun,संबंधों में गर्मजोशी लाना
Reset,verb,पुनः प्रारंभ करना
Settlement,noun,समझौता (निपटान)
Mutually,adverb,परस्पर
Erect,verb,खड़ा करना (निर्माण)
Marker,noun,सीमा चिह्न
Facilitation,noun,सुविधा प्रदान करना
Vis a vis,preposition,के संबंध में
Slap,verb,शुल्क लगाना
Escape,verb,बचना
Possess,verb,रखना (अधिकार में)
Monopoly,noun,एकाधिकार
Play the trump card,phrase,तुरुप का पत्ता चलना
On the face of it,phrase,ऊपरी तौर पर
That sort of,phrase,उस तरह का
Humongous,adjective,बहुत विशाल
Stand to lose,phrase,नुकसान का जोखिम होना
Establishment,noun,सत्ता तंत्र
Jibe,noun,ताना
Proximity,noun,निकटता
On course to,phrase,की ओर अग्रसर
In the wake of,phrase,के परिणामस्वरूप
Sore point,noun,संवेदनशील मुद्दा
Tank,verb,धराशायी होना
Paint a picture,phrase,चित्रण करना
Mince no words,phrase,स्पष्ट रूप से कहना
Positioning,noun,स्थिति-निर्धारण
Reposition,verb,पुनः स्थापित करना
Self-reliant,adjective,आत्मनिर्भर
Strive (to),verb,प्रयास करना
Indigenous,adjective,स्वदेशी
Band,noun,सीमा (दायरा)
Subsequently,adverb,बाद में
Flexibility,noun,लचीलापन
Minute,noun,बैठक का सारांश
Veer (on),verb,झुकाव लेना
Perceive,verb,समझना (मानना)
Run the risk of,phrase,जोखिम उठाना
Erratic,adjective,अनियमित (अस्थिर)
Uneven,adjective,असमान
Waterlogging,noun,जलजमाव
In turn,phrase,बदले में
Make up for,phrase,भरपाई करना
Fluctuation,noun,उतार-चढ़ाव
Softening,noun,नरमी
Map,verb,मानचित्रण करना
Probabilistic,adjective,संभाव्यता आधारित
Politicise,verb,राजनीतिकरण करना
Make for,phrasal verb,परिणाम देना
Horribly,adverb,भयानक रूप से
Free pass,noun,मुफ्त छूट
Genocidal,adjective,नरसंहारी
State-imposed,adjective,राज्य-थोपा
Proportion,noun,अनुपात (परिमाण)
Geopolitics,noun,भू-राजनीति
Realpolitik,noun,व्यावहारिक राजनीति
Oust,verb,हटाना (सत्ता से)
Massacre,noun,नरसंहार
Flush out,phrasal verb,बाहर निकालना
Psychopathological,adjective,मानसिक रूप से विकृत
License,noun,अनुज्ञा (लाइसेंस)
Stand up,phrasal verb,डटकर खड़ा होना
Holocaust,noun,प्रलय (नरसंहार)
Skirmish,noun,झड़प
Widening,adjective,बढ़ता हुआ
Expedite,verb,शीघ्रता करना
Far-seeing,adjective,दूरदर्शी
Unresolved,adjective,अनसुलझा
Post-disengagement,noun,वियोजन के बाद
Pointed,adjective,स्पष्ट (तीखा)
Separatism,noun,अलगाववाद
Turbulent,adjective,अशांत
Unpredictable,adjective,अप्रत्याशित
Occupant,noun,निवासी (कब्ज़ाधारी)
Pas de deux,noun,संयुक्त प्रयास
Fold,noun,समूह (गुट)
Vigilant,adjective,सतर्क
Get one’s own house in order,phrase,अपने घर को व्यवस्थित करना
Gain the upper hand,phrase,बढ़त हासिल करना
Transplantation,noun,प्रत्यारोपण
Gender skew,noun,लैंगिक असंतुलन
Transplant,noun,प्रत्यारोपण (अंग)
Imbalance,noun,असंतुलन
Recipient,noun,प्राप्तकर्ता
Laudable,adjective,प्रशंसनीय
Hassle,noun,परेशानी
Out-of-turn,adjective,अनियमित (क्रम से बाहर)
Harvest,verb,प्राप्त करना (फसल जैसे)
Racket,noun,धोखाधड़ी योजना
Bust,verb,पर्दाफाश करना
Throw the baby out with the bathwater,phrase,अच्छे के साथ बुरा भी फेंक देना
Key (to),noun,समाधान (कुंजी)
Apex,adjective,सर्वोच्च
In a nutshell,phrase,संक्षेप में
Seek (to),verb,प्रयास करना (चाहना)
Explosion,noun,अचानक वृद्धि
Preventable,adjective,रोकथाम योग्य
Saccharine,adjective,मीठा (कृत्रिम रूप से)
Micronutrient,noun,सूक्ष्म पोषक तत्व
March,noun,आगे बढ़ना (प्रगति)
Gig-worker-delivered,adjective,गिग-वर्कर द्वारा पहुँचाया गया
Valediction,noun,विदाई
Grandeur,noun,भव्यता
Hold lesson,phrase,सबक देना
Fatal,adjective,घातक
Stand tall,phrase,दृढ़ता से खड़ा रहना
Peninsula,noun,प्रायद्वीप
Epicentre,noun,केंद्र बिंदु
When it comes to,phrase,जब बात आती है
Seismic,adjective,भूकंपीय
Grassroots-level,adjective,जमीनी स्तर का
Statue,noun,मूर्ति
Remind (of),verb,याद दिलाना
Pride,verb,गर्व करना
Thriftiness,noun,मितव्ययिता
Tightwad,noun,कंजूस
Frugally,adverb,मितव्ययता से
Thrift,noun,मितव्ययिता
Goose,noun,हंस (बत्तख जाति)
Thrill,verb,रोमांचित करना
Geese,noun,हंस (बहुवचन)
Go through,phrasal verb,अनुभव करना (गुजरना)
Brow,noun,माथा
Hindsight,noun,पश्चदृष्टि
Irony,noun,विडंबना
Stick,verb,चिपकाना
Forehead,noun,माथा (ललाट)
Cart,noun,गाड़ी (ठेला)
Lad,noun,लड़का
Jolt,noun,झटका
Gather,verb,इकट्ठा करना
Wearily,adverb,थकान से
Ripe,adjective,पका हुआ (परिपक्व)
Terrify,verb,डराना
Grimly,adverb,कठोरता से
Clod,noun,मिट्टी का ढेला
Yell,verb,चिल्लाना
Pelt,verb,फेंकना (मारना)
Uproariously,adverb,ज़ोरदार ढंग से
Helplessness,noun,असहायता
Scream,verb,चीखना
Strain every sinew,noun,पूरा ज़ोर लगाना
Grip,noun,पकड़
Trunk,noun,तना (मुख्य)
Inch,verb,धीरे-धीरे आगे बढ़ना
Menacingly,adverb,धमकीभरे ढंग से
Get down,phrasal verb,नीचे उतरना
Paralyse,verb,पंगु बना देना
On the brink of,phrase,कगार पर
Heartbreaking,adjective,हृदयविदारक
Pour out,phrasal verb,उमड़ना
Wage,verb,छेड़ना (युद्ध)
UN-backed,adjective,संयुक्त राष्ट्र समर्थित
Reputed,adjective,प्रतिष्ठित (सम्मानित)
Rush to,phrasal verb,की ओर उमड़ना
Shoot down,phrasal verb,गोली मार देना
Put forward,phrasal verb,प्रस्तावित करना
Extension,noun,विस्तार
Uproot,verb,उखाड़ना (विस्थापित करना)
Incredulously,adverb,अविश्वास से
Twinkle,noun,टिमटिमाहट
Reminisce,verb,यादें ताज़ा करना
Grow up,phrasal verb,बड़ा होना (विकसित होना)
Fancy,noun,पसंद (सनक)
Persevere,verb,डटे रहना
Strike up a conversation,phrase,बातचीत शुरू करना
Habitat,noun,प्राकृतिक आवास
Traumatic,adjective,मर्मांतक
Exodus,noun,सामूहिक पलायन
Reverse migration,noun,विपरीत प्रवास
Fortunate,adjective,भाग्यशाली
Utopian,adjective,आदर्शवादी (अव्यावहारिक)
Owe,verb,ऋणी होना
NASA ISRO Synthetic Aperture Radar (NISAR),noun,नासा-इसरो सिंथेटिक एपर्चर रडार (निसार)
Synchronous,adjective,समकालिक
Orbit,noun,कक्षा (परिक्रमा पथ)
Glacier,noun,हिमनद
Revisit,verb,पुनः जांचना
Map mangrove extent,noun,मैंग्रोव क्षेत्र मापन
Urban subsidence,noun,शहरी भू-धसाव
Polar ice shelves,noun,ध्रुवीय बर्फ शेल्फ
Payload,noun,विस्फोटक भार
Dub,verb,नाम देना
Tolerance,noun,सहनशीलता (सीमा)
Thermal stability,noun,तापीय स्थिरता
Reflector,noun,परावर्तक
Software stack,noun,सॉफ़्टवेयर संरचना
Parity,noun,समानता (बराबरी)
Much-anticipated,adjective,बहुप्रतीक्षित
Arms,noun,हथियार
Inconceivable,adjective,अकल्पनीय
Horrific,adjective,भयानक
Neutrality,noun,तटस्थता
Frontline,noun,अग्रिम मोर्चा
Terms,noun,शर्तें
Established,adjective,स्थापित
Pecking order,noun,पदानुक्रम (वरीयता क्रम)
Hierarchical,adjective,पदानुक्रमिक
Upset the apple cart,phrase,योजनाएँ बिगाड़ देना
Pocket,verb,जीत लेना (हासिल करना)
Fade away,phrasal verb,धीरे-धीरे गायब होना
Phenom,noun,असाधारण प्रतिभाशाली
Tri(o),noun,तिकड़ी
Water-tight,adjective,मज़बूत (निर्दोष)
Flushing Meadows,noun,फ्लशिंग मीडोज़ (US ओपन स्थल)
Tune-up event,noun,तैयारी मुकाबला
Sensation,noun,सनसनी
The cream rises to the top,phrase,श्रेष्ठ ही ऊपर आता है
Nourish,verb,पोषण देना
Place emphasis on,phrase,ज़ोर देना
Wherein,adverb,जिसमें
The Almighty,noun,सर्वशक्तिमान
Imbibe,verb,आत्मसात करना
Saint,noun,संत
Meditate,verb,ध्यान करना
Swan,noun,हंस (सुंदर पक्षी)
Hoot,verb,चिल्लाना (पक्षी सा)
Beak,noun,चोंच
Hawk,noun,बाज़
Gently,adverb,धीरे से
Fang,noun,नुकीला दांत
Claw,noun,पंजा
Sternly,adverb,सख्ती से
Ozempic,noun,ओज़ेम्पिक (मधुमेह की दवा)
Gluttony,noun,अधिक खाने की लालसा
GLP-1,noun,जीएलपी-1 हार्मोन
Wrecking ball,noun,विध्वंस गोला
Miracle,noun,चमत्कार
Tinge,noun,हल्का पुट (छाया)
Hunger-curbing,adjective,भूख कम करने वाला
Will-power,noun,इच्छाशक्ति
Sight,noun,दृश्य (नज़ारा)
Weight-watcher,noun,वज़न घटाने वाला व्यक्ति
Hoary,adjective,पुराना (पुरातन)
Set the template for,phrase,मॉडल स्थापित करना
Give and take,phrase,आदान-प्रदान
Niche,noun,विशिष्ट क्षेत्र (क्षेत्र-विशेष)
Keep out,phrasal verb,बाहर रखना
Walk away,phrasal verb,चले जाना (छोड़ना)
One side’s loss is another’s gain,phrase,एक की हानि दूसरे का लाभ
Therein lies,phrase,इसमें ही निहित है
Macro,adjective,व्यापक (समष्टि)
Objective,noun,लक्ष्य
Exemption,noun,छूट (मुक्ति)
Voluntary,adjective,स्वैच्छिक
Persecute,verb,उत्पीड़न करना
Exploitative,adjective,शोषणकारी
Penetrative Sexual assault,noun,अंतःस्खलन यौन उत्पीड़न
Impressionable,adjective,प्रभावित होने योग्य (भोला)
Take advantage of,phrase,लाभ उठाना (दुरुपयोग)
Non-consensual,adjective,बिना सहमति के
Trap,verb,फंसाना
Rigidity,noun,कठोरता (अनम्यता)
Recognise,verb,स्वीकार करना
Obligate,verb,बाध्य करना
Seamlessly,adverb,सहज रूप से
Refuse,verb,मना करना
Symptomatic,adjective,संकेतक (लक्षणसूचक)
Malaise,noun,अस्वस्थता (बेचैनी)
Reading,noun,व्याख्या (समझ)
Self-determination,noun,आत्मनिर्णय
Wed,verb,जुड़ा होना (प्रतिबद्ध)
Stunted,adjective,अवरुद्ध विकास
Insistence,noun,आग्रह
Essentially,adverb,मूलतः
Operationalise,verb,क्रियान्वित करना
Expend,verb,खर्च करना
Set a precedent,phrase,मिसाल कायम करना
Neutral,adjective,तटस्थ
Prevailing,adjective,प्रचलित
Inflationary pressure,noun,मुद्रास्फीति दबाव
Unfavourable,adjective,प्रतिकूल
The writing is on the wall,phrase,दीवार पर लिखा साफ है (स्पष्ट संकेत)
Frailty,noun,कमज़ोरी (नाजुकता)
Idiosyncrasy,noun,विलक्षणता
Topography,noun,स्थलाकृति
Treacherous,adjective,खतरनाक (धोखेबाज़)
Meteorologist,noun,मौसम वैज्ञानिक
Theoretically,adverb,सिद्धांततः
Go berserk,phrase,आपे से बाहर हो जाना
Self-immolate,verb,आत्मदाह करना
Strike a balance,phrase,संतुलन बनाना
Financial stress,noun,वित्तीय तनाव
Tax evasion,noun,कर चोरी
Step in the right direction,phrase,सही दिशा में कदम
Foolproof,adjective,अचूक (विश्वसनीय)
Prohibition,noun,प्रतिबंध (निषेध)
Well-intentioned,adjective,सद्भावनापूर्ण
Vague,adjective,अस्पष्ट
Way forward,noun,आगे का रास्ता
Gazette,noun,सरकारी राजपत्र
Out of the blue,phrase,अचानक
Vicinity,noun,आसपास (निकटता)
Seem,verb,प्रतीत होना
Reason,verb,निष्कर्ष निकालना
Flip-flop,noun,रुख बदलना (यू-टर्न)
Time and again,phrase,बार-बार
Oddity,noun,विचित्रता
Presumption,noun,धारणा (अनुमान)
Stand to benefit,phrase,लाभ की संभावना होना
Multiplicity,noun,बहुलता
Rejig,noun,पुनर्गठन (सुधार)
Watershed,noun,निर्णायक मोड़
Indirect tax,noun,अप्रत्यक्ष कर
Evasion,noun,चोरी (टालना)
Risk,verb,जोखिम में डालना
Falter,verb,डगमगाना
Surrender,noun,समर्पण
Pressure,verb,दबाव डालना
Put forth,phrase,प्रस्तुत करना
Take on board,phrase,स्वीकार करना (सुझाव)
Open up,phrasal verb,रास्ता खोलना
Furore,noun,हंगामा
Polarisation,noun,ध्रुवीकरण
Modification,noun,संशोधन
Reserve,verb,अधिकार सुरक्षित रखना
Sterilise,verb,बधिया करना (नसबंदी)
Suspect,verb,संदेह करना
Introspection,noun,आत्मनिरीक्षण
Paucity,noun,कमी (अभाव)
Hobble,verb,बाधा डालना
Plug holes,phrase,खामियां दूर करना
Streeties,noun,आवारा कुत्ते
Rubbish bin,noun,कूड़ेदान
Dump,noun,कूड़ा स्थल
Loose,adjective,ढीली (असंगठित)
Gravel,noun,बजरी
Turn around,phrasal verb,वापस मुड़ना
Ridge,noun,पहाड़ी कगार
Stumble,noun,लड़खड़ाना
Matter,verb,मायने रखना
Messy,adjective,अव्यवस्थित
Improvisation,noun,तात्कालिक सुधार
Scare,verb,डराना
Gain traction,phrase,लोकप्रियता हासिल करना
Well-established,adjective,सुस्थापित
One-shot deal,phrase,एकल अवसर
Mindset,noun,मानसिकता
Upskill,verb,कौशल बढ़ाना
Sedition,noun,राजद्रोह
Redux,adjective,पुनरागमन (नए रूप में)
Trample,verb,रौंदना
Frivolous,adjective,तुच्छ (निराधार)
Summon,verb,तलब करना (सम्मन)
Perusal,noun,जांच (अवलोकन)
Vindictive,adjective,प्रतिशोधी
Point (to),verb,इशारा करना (संकेत)
Intimidation,noun,डराना-धमकाना
Keep in abeyance,phrase,स्थगित रखना
Set the bar,phrase,मानक तय करना
Prosecution,noun,अभियोजन
Latitude,noun,स्वतंत्रता (छूट)
Deem,verb,मानना (समझना)
Invocation,noun,आह्वान (प्रयोग)
Unconstitutionality,noun,असंवैधानिकता
Gush through,phrasal verb,ज़ोर से बहना
Fury,noun,क्रोध (आवेश)
Forecaster,noun,पूर्वानुमानकर्ता
Radar,noun,राडार
Loosen,verb,ढीला करना
The Craggy,noun,ऊबड़-खाबड़ (चट्टानी)
Undulating,adjective,लहरदार
Knee-jerk categorisation,noun,बिना सोचे-समझे वर्गीकरण
Freak,adjective,असामान्य
Token Sum,noun,मामूली राशि
Outlier,noun,अपवाद (असामान्य)
Probability,noun,संभावना
Latent,adjective,छिपा हुआ (सुप्त)
Soured,adjective,बिगड़ा हुआ
For a while now,phrase,कुछ समय से
With regard to,phrase,के संबंध में
The writing on the wall,phrase,स्पष्ट चेतावनी संकेत
In this mix,phrase,इन कारकों के बीच
Mercurial,adjective,चंचल (अस्थिर स्वभाव)
Snide,adjective,व्यंग्यात्मक (तिरस्कारपूर्ण)
Vent one’s frustration,phrase,गुस्सा निकालना
Hold firm,phrase,दृढ़ रहना
Ring-fence,verb,सुरक्षित घेरा बनाना
Remarkably,adverb,उल्लेखनीय रूप से
The Fall deadline,noun,शरद ऋतु की समय-सीमा
Illogical,adjective,अतार्किक
Imminent,adjective,आसन्न
Fiery,adjective,तीव्र (उग्र)
Okay,verb,स्वीकृत करना
Slugfest,noun,घमासान मुकाबला
Rain-battered,adjective,बारिश से तबाह
Quotient,noun,मात्रा (स्तर)
Rope in,phrasal verb,शामिल करना (भर्ती)
Shunt out,phrasal verb,किनारे करना (हटाना)
Spectacular,adjective,शानदार
Recency bias,noun,हाल की घटनाओं का पूर्वाग्रह
Sway,verb,प्रभावित करना
Hint,noun,संकेत
Twists and turns,phrase,उतार-चढ़ाव भरा सफर
String,noun,श्रृंखला (लगातार)
Under one’s watch,phrase,अपने कार्यकाल में
The booster shot,noun,नई ऊर्जा (बूस्टर)
Nucleus,noun,केंद्रबिंदु (नाभिक)
Face-off,noun,आमना-सामना
Prime-time,noun,प्राइम-टाइम (मुख्य समय)
Stepping stone,phrase,सीढ़ी का पत्थर (प्रगति का साधन)
NASA-Axiom-ISRO,noun,नासा-एक्सिओम-इसरो मिशन
Tie-up,noun,गठजोड़
Presume,verb,मान लेना
Intensive,adjective,गहन
North of something,phrase,से अधिक
Fortunately,adverb,सौभाग्य से
Proactively,adverb,पहले से सक्रिय होकर
Ought to,phrasal verb,आवश्यक (उचित)
Familiarise,verb,परिचित कराना
Microgravity adaptation,noun,सूक्ष्म-गुरुत्व अनुकूलन
Undocking,noun,अलग होना (यान का)
Reentry,noun,पुनः प्रवेश
Expose (to),verb,उजागर करना (सामने लाना)
Lay to rest,phrase,समाप्त करना (शांत करना)
Piecemeal,adjective,खंडित (टुकड़ों में)
Spacefarer,noun,अंतरिक्ष यात्री
Wealthy,adjective,धनी
Wandering,adjective,भटकता हुआ
Hold sway,phrase,प्रभुत्व रखना
Simpleton,noun,मूर्ख (भोला)
Marvel (at),verb,चकित होना
Industry,noun,परिश्रम
Holler,verb,चिल्लाना
Helping,noun,परोसी गई मात्रा
Inspect,verb,निरीक्षण करना
Idly,adverb,आलस्य से
Stony,adjective,कठोर (भावशून्य)
Bale,noun,गठरी (बंडल)
Fall asleep,phrase,सो जाना
Pedestal,adjective,आधार-जैसा
Look after,phrasal verb,देखभाल करना
Holy,adjective,पवित्र
Slaughter,noun,नरसंहार
Heap on someone,phrase,बहुत प्रशंसा/आलोचना करना
Stop short of,phrase,रुक जाना (बीच में)
Representative,noun,प्रतिनिधि
Ruin,noun,विनाश (खंडहर)
Occurrence,noun,घटना
Starve to death,phrase,भूख से मर जाना
Bomb,verb,बमबारी करना
Misinterpretation,noun,गलत व्याख्या
Misinformation,noun,गलत सूचना
Insinuation,noun,संकेत (इशारा)
Mete out,phrasal verb,वितरित करना (दंड)
Premier,adjective,प्रमुख (शीर्ष)
Tax-exempt status,noun,कर-मुक्त स्थिति
Silence,verb,चुप कराना
Special Intensive Revision (SIR),noun,विशेष गहन पुनरीक्षण (SIR)
The kind of,phrase,उस तरह का
Good governance,noun,सुशासन
Walk in,phrasal verb,अंदर प्रवेश करना
Shine,verb,चमकना
Excitement,noun,उत्साह
Inscription,noun,शिलालेख
Smattering,noun,थोड़ी मात्रा
Shrug,verb,कंधे उचकाना
Ruse,noun,चाल (छल)
Shake one’s fist,phrase,मुट्ठी दिखाकर गुस्सा जताना
Cock,noun,मुर्गा
Mission,noun,अभियान (कार्य)
Traverse,verb,पार करना (यात्रा)
Crow,verb,कांव-कांव करना
Rush out,phrasal verb,दौड़ते हुए बाहर निकलना
Squirm,verb,छटपटाना
Woe,noun,दुख (व्यथा)
Sympathy,noun,सहानुभूति
Barn,noun,खलिहान
Usher (in),verb,अगुवाई करना (लाना)
Tether,verb,बांधना (रस्सी से)
Hay,noun,सूखी घास (चारा)
Go off,phrasal verb,चले जाना
Munch,verb,चबाना
Prophetic,adjective,भविष्यसूचक
March (in),verb,कदम बढ़ाते हुए आना
Rouse,verb,जगाना (उत्तेजित करना)
Idle,adjective,आलसी (निष्क्रिय)
Laconic,adjective,संक्षिप्त (मितभाषी)
Hitch,verb,बांधना (जोड़ना)
Plough,noun,हल
Whip,noun,कोड़ा
Furrow,noun,नाली (हल की रेखा)
Jump from the frying pan into the fire,phrase,एक मुसीबत से दूसरी में फंसना
Take one’s chance,phrase,जोखिम उठाना (मौका लेना)
Regret,noun,पछतावा
The extortionist,noun,जबरन वसूली करने वाला
Obeisance,noun,श्रद्धांजलि (प्रणाम)
Monarch,noun,राजा (शासक)
Treasurer,noun,कोषाध्यक्ष
Masseur,noun,मालिश करने वाला
Waylaid,verb,घात लगाकर पकड़ना
Smell foul,phrase,बदबू देना
Ominous,adjective,भेद खुल जाना
The cat would be out of the bag,phrase,अत्यधिक खुश करना
Overjoy,verb,बेड़ी डालना
Manacle,verb,धक्का-मुक्की करना
Manhandle,verb,सिल देना (बंद करना)
Sew up,phrasal verb,एहसान चुकाना
Return for the favour,phrase,पहचानना
Recognize,verb,चीखता हुआ
Screeching,adjective,नन्हा पक्षी
Fledgling,noun,भयानक (कुरूप)
Hideous,adjective,झपट्टा मारना
Swoop down,phrasal verb,फुर्तीला
Spry,adjective,अनगिनत
Innumerable,adjective,पेशा (व्यवसाय)
Trade,noun,फेंकना (कंधे पर)
Sling,verb,ध्यान केंद्रित करना
Zero in,phrasal verb,साथ लेकर
In tow,phrase,इशारा करना
Motion,verb,सीटी
Whistle,noun,थका देना
Exhaust,verb,खाई (किले के चारों ओर)
Moat,noun,क्रोधित करना
Madden,verb,खरोंचा हुआ
Scratched,adjective,ताला बनाने वाला
Locksmith,noun,छोड़ना (उत्सर्जित करना)
Emit,verb,नौकर
Servant,noun,लार टपकाना
Water,verb,अलग हटना
Step aside,phrasal verb,कंजूस
Miser,noun,खोदना
Dig,verb,घूरना (देखना)
Gaze (at),verb,फावड़ा
Spade,noun,छिपाना
Hide,verb,चुपके से
Stealthily,adverb,शोक (दुख)
Grief,noun,कराहना (शिकायत)
Moan,verb,गुनगुनाना (बोलना)
Intone,verb,क्षीण होना
Wane,verb,बुदबुदाना
Murmur,verb,कंजूसी से
Miserly,adverb,आँखें घुमाना (चिढ़ में)
Roll one’s eyes,phrase,थोड़ी मात्रा
Trifle,noun,चिढ़ा हुआ
Irritated,adjective,ज़िद्दी
Obstinate,adjective,घृणा उत्पन्न करना
Sicken,verb,बड़बड़ाहट
Grumbling,noun,त्याग देना
Part,verb,अचंभित करना
Take aback,phrasal verb,घसीटते हुए चलना
Shuffle,verb,शून्य
Nought,noun,दुविधा में
In a quandary,phrase,टहलना
Stroll,verb,सोच-विचार करना
Ponder,verb,लदा हुआ (भरा)
Laden (with),verb,धड़कन
Pulse,noun,तेज़ भागना
Race,verb,फेंकना (झटके से)
Fling,verb,भय में
In alarm,phrase,डाकू (लुटेरा)
Robber,noun,लड़खड़ाना
Stagger,verb,पत्थर मारना
Stone,verb,अत्यधिक भय से
To one’s horror,phrase,जलपान
Refreshment,noun,अपमान सहना (अभिमान त्यागना)
Swallow one’s pride,phrase,श्रद्धापूर्वक
Religiously,adverb,उच्च अधिकारी
Mandarin,noun,विदाई
Farewell,noun,डरा हुआ
Afraid,adjective,डरते हुए
Fearfully,adverb,चालाक
Tricky,adjective,घर की ओर
Homeward,adjective,चालाकी से
Slyly,adverb,रचना (साजिश)
Hatch,verb,धोखा देना
Con,verb,उपवन
Grove,noun,शरबत
Sherbet,noun,मिलाना (नशीला पदार्थ)
Lace (with),verb,बेहोशी (सुस्ती)
Stupor,noun,चुराना
Filch,verb,अत्यधिक (शानदार)
Terrific,adjective,धोखेबाज़ (नकली व्यक्ति)
Impostor,noun,गुस्से से
Hotly,adverb,गड़बड़ करना
Make a mess,phrase,शिल्प कौशल
Handiwork,noun,बेड़ी डालना
Clap,verb,उत्कृष्ट (सुंदर)
Exquisite,adjective,शर्म से सिर झुकाना
Hang one’s head,phrase,इरादा
Intention,noun,बदला
Revenge,noun,अपमानित करना
Humiliate,verb,घात लगाना
Waylay,verb,तुरंत सोचना
Think fast,phrase,जोखिम उठाना
Take a chance,phrase,बेकार (मूल्यहीन)
Worthless,adjective,रद्द करना (माफ करना)
Write off,phrasal verb,सावधानी से
Guardedly,adverb,जल्दबाज़ी से
Hastily,adverb,चले जाना
Go away,phrasal verb,घबरा जाना
Panick,verb,हांफना
Gasp,verb,घूरना
Stare at,verb,डर से पीला पड़ जाना
Turn pale,phrase,प्रदूषक
Polluter,noun,क्षतिपूर्तिकारी
Restitutive,adjective,अत्यधिक बाधित करना
Hamstring,verb,बढ़ना (ऊपर जाना)
Go up,phrasal verb,निष्पक्ष (नियमबद्ध)
Non-arbitrary,adjective,कच्ची (सड़क)
Unpaved,adjective,अविश्वसनीय रूप से
Incredibly,adverb,स्पष्ट रूप से
Prominently,adverb,स्वास्थ्यवर्धक
Wholesome,adjective,रिसना (फैलना)
Percolate,verb,इस बीच
In the meantime,phrase,प्रतीक्षा करना (समाप्त होने तक)
Wait out,phrasal verb,ट्रंप-प्रेरित
Trump-induced,adjective,आयात
Import,noun,रद्द करना
Rescind,verb,लागू होना
Go into effect,phrase,अफ़ीम-आधारित दर्दनिवारक
Opioid,noun,खटकना (चुभना)
Rankle,verb,किसी के पक्ष में
In someone’s favour,phrase,अनियमित (कभी हां कभी ना)
On-again-off again,phrase,विश्वसनीय
Reliable,adjective,स्थलरुद्ध
Land-locked,adjective,बहुत हद तक
Vastly,adverb,सुधारना (मरम्मत)
Mend,verb,भाषाई
Linguistic,adjective,टीका लगाना
Vaccinate,verb,दूरस्थ
Faraway,adjective,मिटाना (उन्मूलन)
Eradicate,verb,हाल में
Of late,phrase,उपलब्धि दर्शाना
Mark a milestone,phrase,जारी (चालू)
Ongoing,adjective,बिना टीकाकरण वाला
Unvaccinated,adjective,अपनी भूमिका निभाना
Play one’s part,phrase,प्रवासी
Immigrant,noun,जाना (दिशा में)
Head (to),verb,उपोत्पाद (परिणाम)
Spin-off,noun,चुनना
Pick out,phrasal verb,कंजूस
Stingy,adjective,मितव्ययी
Frugal,adjective,मुँह खुला रह जाना (आश्चर्य से)
Open-mouthed,adjective,निचोड़ना
Wring out,phrasal verb,साष्टांग प्रणाम करना
Prostrate,verb,चीख
Squeal,noun,शिशु
Infant,adjective,वापस लौटना
Revert,verb,अभद्रता से
Shabbily,adverb,सीधा-सादा (बिना लाग-लपेट)
Unvarnished,adjective,प्रतिरोध
Pushback,noun,रोकना (थामना)
Staunch,verb,समझना (गहराई से)
Fathom,verb,विरल (कम)
Sparse,adjective,स्वतंत्र (अलग)
Standalone,adjective,विकसित हो रहा
Unfolding,adjective,स्वीकृति (समापन)
Signing-off,noun,समानांतर
Parallel,adjective,विचार करना
Mull,verb,मनोमितीय परीक्षण
Psychometric test,noun,ध्यान में रखना
Keep in mind,phrase,विनाश का संकेत देना
Spell doom,phrase,रहस्यमय ढंग से
Mysteriously,adverb,आनंद (हर्ष)
Glee,noun,आराम से टहलना
Saunter,verb,आनंदित होना
Exult,verb,जंगली (अनियंत्रित)
Untamed,adjective,उछलना (कूदना)
Buck,verb,जीन (काठी)
Saddle,noun,कराहना
Groan,verb,तलाशी लेना
Scour,verb,क्षमा करना (मुक्त करना)
Excuse (of),verb,अवांछित
Unwanted,adjective,धर्मगुरु (यहूदी)
Rabbi,noun,संदेहास्पद
Suspicious,adjective,अतिथिविहीन (अमैत्रीपूर्ण)
Inhospitable,adjective,भयानक ढंग से
Ghastly,adverb,झपट्टा मारना
Pounce (on),verb,लूटना
Plunder,verb,मरना (नष्ट होना)
Perish,verb,रुक जाना (आदत छोड़ना)
Can,verb,बिगाड़ना (और खराब करना)
Make worse,phrase,स्पेनवासी
Spaniard,noun,अनजान (बेखबर)
Unsuspecting,adjective,छुट्टी मनाने वाला
Vacationer,noun,अस्थिर (डगमगाता)
Shaky,adjective,बुनियादी ढांचा
Infra,noun,आकर्षण केंद्र
Hotspot,noun,जनसमूह
Masses,noun,गारंटी देना
Vouch,verb,सतर्क रहना (पीछे देखते रहना)
Look over my shoulder,phrase,पीछा करने वाला
Stalker,noun,अनुचित स्पर्श करना
Grope (in),verb,शरणस्थल
Haven,noun,त्रासदी
Tragedy,noun,वीर (साहसी)
Valiant,adjective,सामान्य बात
Par for the course,phrase,विरोध का शोर
Outcry,noun,पीड़ा (यातना)
Torment,noun,प्रसार (व्यापकता)
Prevalence,noun,बाहर चले जाना (विरोधस्वरूप)
Walk out,phrasal verb,खतरा
Hazard,noun,छिपकर घूमना
Lurk,verb,अजनबी
Stranger,noun,जगमगाता हुआ
Lit,adjective,अनुमान लगाना
Infer,verb,गड़बड़ी (अव्यवस्था)
Mess,noun,अज्ञानता
Ignorance,noun,जानबूझकर किया गया
Wilful,adjective,दयनीय स्थिति
Sorry state of affairs,phrase,दलदली भूमि
Marshland,noun,दलदल (उलझन)
Morass,noun,आघात (सदमा)
Trauma,noun,गंदगी
Squalor,noun,भड़कीला (दिखावटी)
Showy,adjective,ठहराव
Stagnation,noun,पालन (अनुपालन)
Observance,noun,समय की मांग
The need of the hour,phrase,बाहरी इलाका
Outskirt,noun,फेंक देना
Throw away,phrasal verb,रसीला (स्वादिष्ट)
Luscious,adjective,नाक से आवाज़ निकालना
Snort,verb,कुतरना
Nibble,verb,गांठदार
Knobby,adjective,झुर्रीदार
Wrinkled,adjective,स्त्री-द्वेष
Misogyny,noun,अविश्वास
Incredulity,noun,संघ (गठबंधन)
Union,noun,अंतरिम जमानत
Interim bail,noun,लैंगिक असंवेदनशीलता
Gender insensitivity,noun,सर्वोच्च न्यायालय
The apex court,noun,लैंगिक संवेदनशीलता जागरूकता
Gender sensitisation,noun,वादा पूरा करना
Live up to one’s promise,phrase,जड़ से उखाड़ना
Root out,phrasal verb,लैंगिक भेदभाव
Sexism,noun,सूची में शामिल (कार्यरत)
On the rolls,phrase,बहाल करना
Reinstate,verb,गर्भपात (सहज)
Miscarriage,noun,हटाया जाना (पद से)
Ouster,noun,समाप्ति
Termination,noun,हस्तक्षेप करना
Step in,phrasal verb,लैंगिक रूढ़िवादिता
Gender stereotyping,noun,मातृत्व
Maternity,noun,मातृत्व (मां बनना)
Motherhood,noun,अविश्वसनीय (अद्भुत)
Incredible,adjective,जयजयकार करना
Hurrah,verb,तेज़ी से बढ़ना
Snowball,verb,तर्कसंगत
Rational,adjective,आधुनिकीकरण करना (पुराने में नया जोड़ना)
Retrofit,verb,अव्यवस्थित रूप से
Pell-mell,adjective,कैब बुलाने वाली सेवा
Ride-hailing service,noun,अलचीला (कम बदलने वाला)
Inelastic,adjective,बढ़ाना
Up,verb,अनुकूलतम बनाना
Optimise,verb,संपन्न (धनी)
Well-heeled,adjective,रामबाण समाधान
Silver bullet,phrase,कठिनाइयां और संघर्ष
Trials and tribulations,noun,प्रसन्न
Glad,adjective,ईश्वर (दिव्यता)
The Divine,noun,आकर्षित होना
Gravitate,verb,युग (अनंत काल)
Aeon,noun,पुनर्जन्म (आत्मा का प्रवास)
Transmigration,noun,तड़पना (चाहना)
Yearn,verb,एकत्व
Oneness,noun,प्रेरित करना (उकसाना)
Exhort (to),verb,इसके विपरीत
Vice versa,noun,आदिम (प्राचीन)
Primitive,adjective,यंत्रीकरण
Mechanisation,noun,अंतर्मुखता
Inwardness,noun,आदर्श स्थान (काल्पनिक)
Utopia,noun,तरसना
Long for,phrasal verb,अंदर जाना (गहराई में)
Go in,phrasal verb,पुनर्जीवित करना
Revitalise,verb,थकान (परिश्रम)
Exertion,noun,परिवेश
Milieu,noun,रजोनिवृत्ति
Menopause,noun,पटकथा (योजना)
Script,noun,अचानक गर्मी लगना (रजोनिवृत्ति लक्षण)
Hot flash,noun,रिसना (व्याप्त होना)
Seep,into,के मिश्रण में
In a mix of,phrase,अनभिज्ञ
Unversed,adjective,स्वीकृति (समर्पण भाव)
Resignation,noun,स्वाभाविक रूप से
Inherently,adverb,अक्षमता
Incompetence,noun,अतिभावुक (उन्मादी)
Hysterical,adjective,किशोरावस्था
Puberty,noun,शांत (धीमी आवाज़)
Hushed,adjective,उत्कृष्टता हासिल करना
Excel (at),verb,लाभ प्राप्त करना
Reap,verb,अनेक (विविध)
Manifold,adjective,क्षेत्र (परिधि)
Sphere,noun,पुनः स्फूर्ति लाना
Rejuvenate,verb,सहारा (प्रोत्साहन)
Wind beneath someone’s wings,phrase,बाहर जाने वाला
Outbound,adjective,जहाज़ी बेड़ा
Fleet,noun,लंबी दूरी का
Long-haul,adjective,शामिल होना (चलन में)
Join the party,phrase,फुर्ती
Nimbleness,noun,जनशक्ति
Manpower,noun,डाओ सूचकांक
The Dow,noun,सुधार (उछाल)
Upturn,noun,बल देना (उत्साहित करना)
Buoy,verb,आशावादी
Optimistic,adjective,निवेश करना (डालना)
Pour,verb,घटाना (कम करना)
Scale down,phrasal verb,प्रभाव डालना
Have a bearing on,phrase,बदलाव
Shift,noun,नौवहन (मार्गदर्शन)
Navigation,noun,क्वाड (चार देशों का गठबंधन)
Quad,noun,समझौता ज्ञापन (MoU)
Memorandum of Understanding (MoU),noun,आदान-प्रदान
Exchanges,noun,क्षेत्रीय व्यापक आर्थिक भागीदारी (RCEP)
Regional Comprehensive Economic Partnership (RCEP),noun,जनमत संग्रह
Referendum,noun,पुनः बुलाना (सभा)
Reconvene,verb,लाभ उठाना
Ride (for),verb,अतिरिक्त शुल्क
Surcharge,noun,धब्बा (कलंक)
Taint,noun,असंयमित (अत्यधिक)
Intemperate,adjective,फंसाना (दोष में)
Implicate,verb,कथित
Purported,adjective,पेश करना (प्रस्ताव)
Proffer,verb,विभाजन (फूट)
Schism,noun,अंतराल (विराम)
Interlude,noun,आगे ले जाना
Take forward,phrase,नज़रअंदाज़ करना (इच्छा से)
Wish away,phrasal verb,रुख (मुद्रा)
Posturing,noun,संघर्ष करना (दबाव में)
Reel under,phrasal verb,सुसज्जित करना
Arm,verb,पूर्वशर्त
Precondition,noun,पोप (धर्मगुरु)
Pope,noun,कट्टर (अडिग)
Maximalist,adjective,असुरक्षा (अस्थिरता)
Precarity,noun,आगे बढ़ना (प्रगति)
Gain ground,phrase,घुसपैठ (आक्रमण)
Incursion,noun,अल्प (सीमित)
Scant,adjective,दावा जताना
Stake out,phrasal verb,बढ़त (प्रभुत्व)
Upper hand,noun,अब निर्णय दूसरे पर है
The ball is in someone’s court,phrase,पतला करना (कमज़ोर करना)
Water down,phrasal verb,उकसाना
Instigate,verb,अस्वीकार करना (वीटो)
Veto,verb,दूत
Envoy,noun,सुझाव (योगदान)
Input,noun,ग्रे-सूची (निगरानी सूची)
Greylist,noun,बहुआयामी
Multi-pronged,adjective,हर सूत्र का पीछा करना
Follow all the thread,phrase,गोली मारकर हत्या करना
Gun down,phrasal verb,दावा करना
Profess,verb,अधीन करना
Subjugate,verb,सैन्यवाद
Militarism,noun,विद्रोही
Insurgent,noun,समाप्त करना (बुझाना)
Extinguish,verb,माओवाद
Maoism,noun,समर्थन में खड़े होना
Stand up for,phrasal verb,वास्तविक (सच्चा)
Veritable,adjective,तेज़ गिरावट
Free fall,noun,विदेशी पोर्टफोलियो निवेशक (FPI)
Foreign portfolio investor (FPI),noun,नियंत्रित (रोका हुआ)
Stemmed,adjective,व्यापारिक व्यापार घाटा
Merchandise trade deficit,noun,ला नीना (जलवायु प्रभाव)
La Niña,noun,अनुचित रूप से
Unduly,adverb,अनुमान लगाना (आगे बढ़ाकर)
Extrapolate,verb,नज़रअंदाज़ करना
Shrug off,phrasal verb,प्रयास कम करना
Take one’s foot off the pedal,phrase,वृहद-आर्थिक स्थिरता
Macroeconomic stability,noun,रोकना (बाधा डालना)
Inhibit,verb,अनिद्रा
Insomnia,noun,उत्पन्न होना (से)
Stem (from),verb,अत्यधिक सोच-विचार
Rumination,noun,तौलना (विचार करना)
Weigh,verb,फायदे और नुकसान
The pros and cons,phrase,अतार्किक
Irrational,adjective,गतिरोध (जाम)
Gridlock,noun,निर्दोष (त्रुटिरहित)
Flawless,adjective,अनुरूप (के अनुसार)
In keeping with,phrase,अनुकरणीय
Exemplary,adjective,के माध्यम से
Via,preposition,श्रेय लेना
Take credit,phrase,तुच्छ राशि
Pittance,noun,व्यवहार्य
Feasible,adjective,अंधेरे में रखा गया (बेखबर)
Left in the dark,phrase,पर निर्भर रहना
Rely,on,मुक्त (छूट प्राप्त)
Exempted,adjective,तुरंत (बिना देरी)
Summarily,adverb,सुखदायक
Reassuring,adjective,आवरण (बहाना)
The fig leaf,noun,डटे रहना
Stay the course,phrase,आमना-सामना
Face off,noun,नारेबाज़ी
Sloganeering,noun,बंधक बनाना
Hold hostage,phrase,अगली शुरुआत में अधिक कटौती
Front loading,noun,मौद्रिक नरमी
Monetary easing,noun,दीर्घ-अवधि औसत
The long-period average,noun,नियंत्रण में रखना
Keep under check,phrase,समय-सीमा (क्षितिज)
Horizon,noun,अत्यधिक प्रयास करना
Go to a great length,phrase,सूक्ष्म (सावधान)
Meticulous,adjective,सर्वांगीण (संतुलित)
Well-rounded,adjective,गुप्त (गोपनीय)
Hush-hush,adjective,प्रचलित (मुख्यधारा)
Mainstream,adjective,भर देना (संस्कार डालना)
Instill,verb,नकल करना
Imitate,verb,आपस में जोड़ना
Intertwine,verb,पुनः कथन
Restatement,noun,के अनुसार जीना
Live by,phrasal verb,पक्षपाती
Partisan,adjective,पूर्वाग्रह
Prejudice,noun,आंतरिक जांच
In-house inquiry,noun,ढंकना (छिपाना)
Shroud,verb,कठघरे में
In the dock,phrase,तोड़फोड़ करना
Sabotage,verb,एकतरफ़ा तरीके से
Unilaterally,adverb,पुनः बातचीत करना
Renegotiate,verb,अस्वीकार करना
Rebuff,verb,प्रस्ताव (पहल)
Overture,noun,संशयी
Sceptical,adjective,आरंभ करना (नई शुरुआत)
Usher in,phrasal verb,शाश्वत
Eternal,adjective,पकड़ना (फंदे से)
Lasso,verb,बेचैनी
Restlessness,noun,आत्म-भोग
Indulgence,noun,अनुयायी (भक्त)
Votary,noun,आत्मा का बंधन
Soul-bondage,noun,आसान सुखमय राह
Moss-soft lane,noun,भौतिकवादी जीवन
Materialistic life,noun,मानवजाति
Mankind,noun,पोषण
Nourishment,noun,भौतिक गरीबी
Material poverty,noun,आध्यात्मिक दरिद्रता
Spiritual poverty,noun,मृगतृष्णा (भ्रम)
Will-o'-the-wisp,noun,दास
Slave,noun,अमर
Immortal,adjective,पर्दा (आवरण)
Veil,noun,भ्रामक
Illusive,adjective,चंचल (अस्थिर)
Fickle,adjective,नैतिकता
Morality,noun,रोना
Weep,verb,शोक मनाना
Grieve,verb,ज्ञानी लोग
The wise,noun,स्वयं द्वारा उत्पन्न
Self-inflicted,adjective,कर-मुक्त
Tax-exempt,adjective,हस्तक्षेपकारी
Intrusive,adjective,भारी (बड़ा)
Hefty,adjective,प्रत्यक्ष (कथित)
Ostensible,adjective,वामपंथी
Leftwing,adjective,मन में पालना (भावना)
Nurse,verb,आइवी लीग (प्रतिष्ठित विश्वविद्यालय समूह)
The Ivy League,noun,उदार (दानशील)
Generous,adjective,प्रभाव (वज़न)
Heft,noun,अधिक समय तक टिकना
Outlast,verb,प्रचलन में शामिल होना
Join the stream,phrase,स्वयं जारी रहने वाला
Self-perpetuating,adjective,तख्तापलट
Coup,noun,कुख्यात
Notorious,adjective,खोया हुआ स्थान पुनः पाना
Regain ground,phrase,शक्तिशाली (प्रभावी)
Potent,adjective,घेराबंदी करना
Lay siege to,phrase,गढ़ (मज़बूत ठिकाना)
Stronghold,noun,संक्रमणकालीन
Transitional,adjective,अनदेखा करना (जानबूझकर)
Turn a blind eye,phrase,अंधाधुंध
Indiscriminate,adjective,आपस में लड़ने वाला
Warring,adjective,मिलकर (सामंजस्य से)
In concert,phrase,के परिणामस्वरूप
In the aftermath of,phrase,भयानक (डरावना)
Gruesome,adjective,जघन्य
Heinous,adjective,बहुलता (विविधता)
Plurality,noun,प्रतिनिधित्व करना
Stand for,verb,गंभीरता से
Grievously,adverb,अशांत (उथल-पुथल भरा)
Tumultuous,adjective,पुनः घटित होना
Recur,verb,उग्रवाद
Militancy,noun,निकास (माध्यम)
Outlet,noun,क्रांतिकारी (उग्र)
Radical,adjective,अनुकूलन (सुधार)
Optimisation,noun,अत्यंत गर्म
Sweltering,adjective,अवधि (समय)
Spell,noun,तेज़ी से बहना
Sweep,verb,जलयुक्त (तरोताज़ा)
Hydrated,adjective,लू लगना
Heatstroke,noun,बिजली कटौती
Outage,noun,वाष्पीकरण
Evaporation,noun,गर्मी-सहनशील
Heat-resilient,adjective,बिगाड़ना
Mar,verb,एकजुटता
Solidarity,noun,निरस्तीकरण
Revocation,noun,के संबंध में
Regarding,preposition,नाचो (रूपक अर्थ में)
Nacho,noun,उपयुक्त (सही समय पर)
Opportune,adjective,उदीयमान (नवजात)
Nascent,adjective,प्रस्तुत करना (सुझाव)
Pitch,verb,जोड़ना (एकीकृत करना)
Plug (into),verb,सुगम बनाना
Smoothen,verb,राय देना
Weigh in,phrasal verb,पसंदीदा
Fancied,adjective,विदेशी (समुद्रपार का)
Offshore,adjective,नमूना (खाका)
Template,noun,अधिक स्थिर स्थिति में
On a surer footing,phrase,दांव लगाना
Bet,verb,खीर (मीठा व्यंजन)
Payasam,noun,विक्रेता
Vendor,noun,इकट्ठा होना (भीड़ में)
Huddle,verb,धड़कना (ज़ोर से)
Thump,verb,चुपके से
Furtively,adverb,ज़ोरदार ढंग से
Vehemently,adverb,अनियंत्रित (उपद्रवी)
Unruly,adjective,चेहरा सिकोड़ना
Screw up,phrasal verb,अब जा सकते हैं
Off you go,phrase,आनंद लेना
Have a good time,phrase,चेहरा पीला पड़ना
The colour drain from someone’s face,phrase,टुकड़े-टुकड़े कर देना
Tear something to shred,phrase,आँख मारना
Wink,verb,डांटना
Give someone a piece of mind,phrase,दुखी होकर
Miserably,adverb,कुत्ताघर
Kennel,noun,बेचैनी से हिलना
Fidget,verb,पीटना
Thrash,verb,जल्दी से निगलना
Gulp down,phrasal verb,दिल से (उत्साह से)
Heartily,adverb,शुरुआती मंच
Launchpad,noun,विस्तृत (गहन)
Threadbare,adjective,नोट करना (उल्लेख)
Note,verb,विकास (प्रगति)
Evolution,noun,जोड़ना (कड़ियां मिलाना)
Join dots,phrase,शुद्ध (मिलावटरहित)
Unadulterated,adjective,सर्वाधिक
Utmost,adjective,ज़िम्मेदारी आ पड़ना
Fall upon,phrasal verb,अनायास (बिना तैयारी)
Impromptu,adjective,स्वतंत्रतापूर्वक
Uninhibitedly,adverb,आदर करना
Look up to,phrase,लापरवाही से
Flippantly,adverb,प्रिय
Dear,noun,प्रभावित होना (परिणाम भुगतना)
Find oneself at the receiving end,phrase,असंभावना
Impossibility,noun,बारीक बुनाई (जाल)
Lacework,noun,तड़क-भड़क (धूमधाम)
Fanfare,noun,ज़िम्मेदार ठहराना
Hold someone accountable for,phrase,असहनीय
Unbearable,adjective,भड़ककर हमला करना
Lash out,phrasal verb,अनुभवी
Seasoned,adjective,मार्मिक
Poignant,adjective,नियुक्त करना (नियति तय करना)
Ordain,verb,छलपूर्ण (चालाक)
Insidious,adjective,थकावट
Exhaustion,noun,पूजना (आदर्श मानना)
Idolise,verb,बलि का बकरा
Scapegoat,noun,सराहा गया
Valued,adjective,सफल होना
Succeed,verb,फल-फूल रहा
Thriving,adjective,आत्म-सम्मान
Self-esteem,noun,शांत (निर्मल)
Serene,adjective,स्नेह
Fondness,noun,अनुभव-आधारित
Experiential,adjective,पतले ग्राहक को अधिक छूट
"The thinner the customer, the fatter the discount",phrase,कमर की परिधि
Waistline,noun,चापलूसी करना (खुश करना)
Pander (to),verb,के उद्देश्य से
With a view to,phrase,समकक्ष
Equivalent,noun,धो देना (मिटाना)
Wash off,phrasal verb,चतुर टिप्पणी
Quip,noun,आगे बढ़ना
Go on to,phrase,अपमान (तिरस्कार)
Snub,noun,नीति की दिशा
Policy orientation,noun,प्रभुत्व (आधिपत्य)
Hegemony,noun,अंतरराष्ट्रीय मुद्रा कोष (IMF)
International Monetary Fund (IMF),noun,घटाना (छोटा करना)
Scale back,phrasal verb,मंडराना (आसपास रहना)
Hover (around),verb,जोड़ना (व्यवस्थित करना)
Stitch,verb,पूर्ण पैमाने का
Full-scale,adjective,प्रभावी (लागू)
In force,phrase,भर देना (आपूर्ति से)
Flood (with),verb,स्पष्ट शब्दों में
In no terms,phrase,क्रूर (हिंसक)
Vicious,adjective,अद्भुत (असाधारण)
Phenomenal,adjective,स्थलरुद्ध
Landlocked,adjective,अनिच्छुक (प्रतिरोधी)
Resistant,adjective,संबंध सुधार
Warming up,noun,कुशल (चतुर)
Deft,adjective,के अनुरूप
In consonance with,phrase,भड़काना (हवा देना)
Fan,verb,प्रस्तुत करना (विस्तार से)
Lay out,phrasal verb,दबाना (शांत करना)
Quell,verb,प्रारंभिक
Preliminary,adjective,गहराई से जांच करना
Get to the bottom of,phrase,असंभावित
Improbable,adjective,गड्डी (बंडल)
Wad,noun,आग लगाना
Set fire,phrase,रहस्यमय
Mysterious,adjective,अति उत्साही
Over-zealous,adjective,ऐसा न हो कि
Lest,conjunction,मंदी
Recession,noun,बाज़ार में भारी गिरावट
Market meltdown,noun,गुनगुनाना (सक्रिय रहना)
Hum,verb,थिंक टैंक (नीति संस्था)
Think tank,noun,संकेत (सुराग)
Clue,noun,सरकारी स्वामित्व वाला
State-owned,adjective,प्रवाहित करना
Funnel,verb,स्थिर करना
Stabilize,verb,लाभदायक
Profitable,adjective,विस्तारित (बढ़ता हुआ)
Expanding,adjective,के संदर्भ में
In the context of,phrase,वित्तीय समावेशन
Financial inclusion,noun,झुकाव रखना
Tend to,verb,जमा करना (संचय)
Hoard,verb,अभी दूर
Way off,phrasal verb,अतिरंजित (फुला हुआ)
Overinflated,adjective,नियति (विधाता की इच्छा)
Providence,noun,त्याग देना (छोड़ना)
Letting go,noun,आत्मकेंद्रित
Self-centred,adjective,अनजान लोग
The ignorant,noun,व्यापक (प्रणालीगत)
Systemic,adjective,नारीवाद
Feminism,noun,उत्पीड़न (दबाव)
Harassment,noun,विरासत
Inheritance,noun,सूक्ष्म (नाजुक)
Subtler,noun,आवरण (बहाना)
Guise,noun,की भावना में
In the spirit of,phrase,अनुभव करना
Experience,verb,मनोदशा में उतार-चढ़ाव
Mood swing,noun,संरक्षणात्मक व्यवहार
Patronising,adjective,परेशान करने वाला
Upsetting,adjective,उपचार (स्वास्थ्य लाभ)
Healing,noun,में निहित होना
Lie in,verb,अंदर ही अंदर
Inwardly,adverb,बाहरी रूप से
Outwardly,adverb,आत्मकथा
Memoir,noun,व्यक्तित्व (छवि)
Persona,noun,वेशभूषा बदलने वाला व्यक्ति
Gender bender,noun,दो (जोड़ी)
Twain,noun,यौन रुझान
Sexual orientation,noun,दुनिया में कहीं भी
Under the sun,phrase,चिह्नित करना (सीमित करना)
Peg down,phrasal verb,प्रतिबंधित करना
Outlaw,verb,संघर्ष (विवाद)
Fray,noun,कानूनी शब्दजाल
Legalese,noun,तरल जातीयता
Fluid ethnicity,noun,लैंगिक तरलता
Gender fluidity,noun,मुक्त (अबाधित)
Unbound,adjective,कठिन परीक्षा (यातना)
Ordeal,noun,मौलिक (प्रभावशाली)
Seminal,adjective,बेकार घूमना
Loiter,verb,बाहर निकलना (साहस से)
Venture out,phrasal verb,शर्मनाक ढंग से
Outrageously,adverb,अमानवीय
Inhuman,adjective,निहित होना
Lie (with),verb,अच्छी रोशनी वाला
Well-lit,adjective,उछल-कूद करना
Frolic,verb,नंगा (उघाड़ा)
Bare,adjective,कांपना (ठंड से)
Shiver,verb,स्वयं संभालना
Fend (for oneself),verb,उछलना (कूदना)
Hop,verb,पतला (छरहरा)
Slender,adjective,त्योरी चढ़ाना
Frown,verb,मज़बूत (सुदृढ़)
Sturdy,adjective,बलूत वृक्ष
Oak,noun,गुर्राना (जानवर सा)
Grunt,verb,फड़फड़ाना
Flutter,verb,छायादार
Shady,adjective,चीड़ जैसा वृक्ष
Spruce,noun,दया (करुणा)
Pity,noun,मांसल (शक्तिशाली)
Sinewy,adjective,पीछा छुड़ाना
Shake off,phrasal verb,पतला-दुबला
